url,leiloeiro,cidade,estado,titulo,preco,avaliacao
https://mercado.bomvalor.com.br/universodosleiloes/alexsander-pretti-domingos/veiculo-maquinas-e-equipamentos-agricola-34821,Alexsander Pretti Domingos,Colatina,ES,"Veículo, máquinas e equipamentos agrícola Data: 16/06/2026 (terça-feira) Primeiro lote a p",,
https://mercado.bomvalor.com.br/universodosleiloes/alexsander-pretti-domingos/veiculos/suv/vw-gol-mpi-2022-2023-121322,Alexsander Pretti Domingos,Colatina,ES,VW Gol MPI – 2022/2023 Data: 18/06/2026 (quinta-feira) Primeiro lote a partir das: 11:00 O,,
https://mercado.bomvalor.com.br/universodosleiloes/alexsander-pretti-domingos/veiculos-e-equipamentos-34940,Alexsander Pretti Domingos,Colatina,ES,Veículos e equipamentos Data: 19/06/2026 (sexta-feira) Primeiro lote a partir das: 15:00 O,,
https://mercado.bomvalor.com.br/universodosleiloes/alexsander-pretti-domingos/caminhoes-fora-de-estrada-caterpillar-35506,Alexsander Pretti Domingos,Colatina,ES,Caminhões Fora de Estrada Caterpillar Data: 25/06/2026 (quinta-feira) Primeiro lote a part,,
https://www.saraivaleiloes.com.br/eventos/leilao/477/em-breve/lote,Angela Saraiva Portes Souza,Belo Horizonte,MG,EM BREVE,,
https://www.purcenaleiloes.com.br/leilao/776/lotes,Carla Karine Santos Agostinho,Belo Horizonte,MG,TERRENOS NO RESIDENCIAL TEIXEIRA e BAIRRO VILA BETÂNIA – ALFENAS/MG 1º Leilão: 10/06/2026,,
https://www.purcenaleiloes.com.br/leilao/777/lotes,Carla Karine Santos Agostinho,Belo Horizonte,MG,PREFEITURA MUNICIPAL DE PERDIGÃO/MG Data: 29/06/2026 (segunda-feira) Primeiro lote a parti,,
https://infinityleiloes.com.br/leilao/600/lotes,Carlos Augusto Ribeiro Lima,Brasilia,DF,"Apartamento na Rua das Paineiras, Águas Claras/DF 1º Leilão: 16/06/2026 às 12:10 770.000,0",,
https://mercado.bomvalor.com.br/infinityleiloes,Carlos Augusto Ribeiro Lima,Brasilia,DF,Mercado Bom Valor Data: 01/12/2026 (terça-feira) Primeiro lote a partir das: 12:00 Online,,
https://www.liderleiloes.com.br/eventos/leilao/170/carros-utilitarios-motos-onibus-caminhoes-retroescavadeira-pneus-e-bens-diversos,Caroline de Sousa Ribas,Maua,SP,"Carros, Utilitários, Motos, Ônibus, Caminhões, Retroescavadeira, Pneus e Bens Diversos.",,
https://www.leiloesfederal.com.br#carousel-364,Cesar Augusto Bagatini,Brasilia,DF,TJDFT - 0717991-47 - Vara Cível de Águas Claras/DF APARTAMENTOS 30% DE DESCONTO BRASILIA -,"250.000,00",
https://www.leiloesfederal.com.br#carousel-369,Cesar Augusto Bagatini,Brasilia,DF,TJDFT - 0703957-49 - Vara Exec. de Brasília/DF FAZENDAS 53% DE DESCONTO BRASILIA - DF Faze,"954.437,26",
https://www.leiloesfederal.com.br,Cesar Augusto Bagatini,Brasilia,DF,"BRASILIA - DF Fazenda São Gonçalo - Arinos/MG - 145,24 hectares Leilão: 312 Data 30/06/202","954.437,26",
https://www.leiloesfederal.com.br#carousel-367,Cesar Augusto Bagatini,Brasilia,DF,"Venda Direta FAZENDAS 8% DE DESCONTO UNAI - MG Fazenda de 554 hectares em Unaí/MG
Proposta","36.000.000,00",
https://www.leiloesfederal.com.br/lote/371/leilao-tjgo-5043541-65-1a-vara-civel-de-itaberai-go,Cesar Augusto Bagatini,Brasilia,DF,TJGO - 5043541-65 - 1ª Vara Cível de Itaberaí/GO 40% DE DESCONTO BRASILIA - DF Terreno de,"63.000,00",
https://www.leiloesfederal.com.br/lote/374/leilao-tjdft-0706568-98-2a-vara-civel-de-sobradinho-df,Cesar Augusto Bagatini,Brasilia,DF,TJDFT - 0706568-98 - 2ª Vara Cível de Sobradinho/DF 30% DE DESCONTO BRASILIA - DF Casa na,"750.000,00",
http://corleiloes.com.br/veiculos-e-equipamentos-34940,Cintia Regina Martins Roma,Sao Jose do Rio Preto,SP,74Lotes,,
http://corleiloes.com.br/leilao-de-maquinas-e-veiculos-pesados-35441,Cintia Regina Martins Roma,Sao Jose do Rio Preto,SP,3Lotes,,
http://corleiloes.com.br/imoveis-emgea-no-rj-e-sp-34870,Cintia Regina Martins Roma,Sao Jose do Rio Preto,SP,7Lotes,,
http://corleiloes.com.br/maquinas-pesadas-caminhoes-empilhadeiras-vale-30796,Cintia Regina Martins Roma,Sao Jose do Rio Preto,SP,11Lotes,,
http://corleiloes.com.br/imoveis/casa/casa-area-1-152-m-guaruja-122196,Cintia Regina Martins Roma,Sao Jose do Rio Preto,SP,Venda de Imóvel por Iniciativa Particular ID: 35351 imóveis.io CASA - ÁREA 1.152 M² - GUAR,,
https://www.lanceja.com.br/leiloes/2504-3-vara-civel-do-foro-e-da-comarca-de-campinas,Cristiane Borguetti Moraes Lopes,Santo Andre,SP,"396 visitas Visualizar 3ª VARA CÍVEL DO FORO E DA COMARCA DE CAMPINAS CASA EM UBATUBA/SP,","1.425.064,68",
https://www.lanceja.com.br/leiloes/2503-falencia-de-harpex-artefatos-de-madeira-ltda,Cristiane Borguetti Moraes Lopes,Santo Andre,SP,526 visitas Visualizar FALÊNCIA DE HARPEX ARTEFATOS DE MADEIRA LTDA LOTE ÚNICO:  BENS MÓVE,"4.497.573,11",
https://www.lanceja.com.br/leiloes/2505-servico-anexo-das-fazendas-comarca-de-botucatu,Cristiane Borguetti Moraes Lopes,Santo Andre,SP,"456 visitas Visualizar SERVIÇO ANEXO DAS FAZENDAS - COMARCA DE BOTUCATU CASAS, TERRENOS, A",,
https://www.lanceja.com.br,Cristiane Borguetti Moraes Lopes,Santo Andre,SP,1º Leilão: 13/07 até 16/07/2026 - 14:00 Lance Inicial: Confira nos lotes 2º Leilão: 16/07,,
https://www.danielgarcialeiloes.com.br/leilao/7556/lotes,Daniel Elias Garcia,Belo Horizonte,MG,Leilão Online da Polícia Federal - Edital n. 01/2026 - SR/PF/SP - Conservados,,
https://www.danielgarcialeiloes.com.br/leilao/7557/lotes,Daniel Elias Garcia,Belo Horizonte,MG,Leilão Online da Polícia Federal - Edital n. 01/2026 - SR/PF/SP - Sucatas,,
https://www.danielgarcialeiloes.com.br/leilao/7589/lotes,Daniel Elias Garcia,Belo Horizonte,MG,Leilão Online da Prefeitura Municipal de Lagoa Santa/MG - Edital 01/2026,,
https://www.danielgarcialeiloes.com.br/leilao/7562/lotes,Daniel Elias Garcia,Belo Horizonte,MG,Leilão da Prefeitura Municipal de Formiga/MG - Edital 01/2026,,
https://www.danielgarcialeiloes.com.br/leilao/7521/lotes,Daniel Elias Garcia,Belo Horizonte,MG,Leilão Online da Prefeitura Municipal de Prudente de Morais/MG - Edital 01/2026,,
https://www.danielgarcialeiloes.com.br/leilao/7522/lotes,Daniel Elias Garcia,Belo Horizonte,MG,Leilão Online da Prefeitura Municipal de Prudente de Morais/MG - Edital 01/2026 - Sucatas,,
https://www.danielgarcialeiloes.com.br/leilao/7549/lotes,Daniel Elias Garcia,Belo Horizonte,MG,Leilão da Prefeitura Municipal de Jesúpolis/GO - Edital 01/2026,,
https://www.danielgarcialeiloes.com.br/leilao/7550/lotes,Daniel Elias Garcia,Belo Horizonte,MG,Leilão da Prefeitura Municipal de Jesúpolis/GO- Edital 01/2026 - Sucatas,,
https://www.danielgarcialeiloes.com.br/leilao/7510/lotes,Daniel Elias Garcia,Belo Horizonte,MG,Leilão Online da 1ª Vara Cível de Brusque/SC.,,
https://www.danielgarcialeiloes.com.br/leilao/7622/lotes,Daniel Elias Garcia,Belo Horizonte,MG,Leilão Online da Polícia Rodoviária Federal do Distrito Federal - EDITAL Nº 4/2026/LEILÃO-DF - Leilão 03,,
https://www.danielgarcialeiloes.com.br/leilao/7623/lotes,Daniel Elias Garcia,Belo Horizonte,MG,Leilão Online da Polícia Rodoviária Federal do Distrito Federal - EDITAL Nº 4/2026/LEILÃO-DF - Leilão 04 - Sucatas,,
https://www.danielgarcialeiloes.com.br/leilao/7594/lotes,Daniel Elias Garcia,Belo Horizonte,MG,Leilão da Prefeitura Municipal de Floraí/PR - Edital 01/2026,,
https://www.danielgarcialeiloes.com.br/leilao/7598/lotes,Daniel Elias Garcia,Belo Horizonte,MG,Leilão da Prefeitura Municipal de Lagoa Formosa/MG - Edital 01/2026,,
https://www.danielgarcialeiloes.com.br/leilao/7605/lotes,Daniel Elias Garcia,Belo Horizonte,MG,Leilão da Prefeitura Municipal de Monsenhor Tabosa/CE - Edital 01/2026,,
https://www.danielgarcialeiloes.com.br/leilao/7607/lotes,Daniel Elias Garcia,Belo Horizonte,MG,Leilão da Prefeitura Municipal de Monsenhor Tabosa/CE - Edital 01/2026 - Sucatas,,
https://www.alfaleiloes.com/lote/9819/leilao-de-sobrado-de-alto-padrao-em-presidente-epitacio-sp/,Davi Borges de Aquino,Belo Horizonte,MG,50% de Desconto À vista ou 25% (Sinal) + 30X Presidente Epitácio (SP) – Sobrado de Alto Pa,,
https://www.leiloeirodenis.com.br/veiculos-e-equipamentos-34940,Denis de Oliveira Fernandes,Sete Lagoas,MG,74Lotes,,
https://www.leiloeirodenis.com.br/leilao-de-maquinas-e-veiculos-pesados-35441,Denis de Oliveira Fernandes,Sete Lagoas,MG,3Lotes,,
https://www.leiloeirodenis.com.br/imoveis-emgea-no-rj-e-sp-34870,Denis de Oliveira Fernandes,Sete Lagoas,MG,7Lotes,,
https://www.leiloeirodenis.com.br/maquinas-pesadas-caminhoes-empilhadeiras-vale-30796,Denis de Oliveira Fernandes,Sete Lagoas,MG,11Lotes,,
https://www.leiloeirodenis.com.br/imoveis/casa/casa-area-1-152-m-guaruja-122196,Denis de Oliveira Fernandes,Sete Lagoas,MG,Venda de Imóvel por Iniciativa Particular ID: 35351 imóveis.io CASA - ÁREA 1.152 M² - GUAR,,
https://www.clicleiloes.com.br/leilao/1941/lotes,Eduardo Schmitz,Belo Horizonte,MG,Departamento Estadual de Trânsito do Estado de Santa Catarina - DETRAN/SC - Leilão 07/CEL/,,
https://www.apiceleiloes.com.br/item/15983/detalhes,Fabio Prando Fagundes Goes,Itapevi,SP,"Terreno de 3.069,00 m² no Lot. Parque Primavera na Granja Viana Data: 12/06/2026 (sexta-fe","556.626,46",
https://www.apiceleiloes.com.br/item/15802/detalhes,Fabio Prando Fagundes Goes,Itapevi,SP,"Direitos sobre imóvel de 68,12m², no Res. Recanto das Graças-I, em Cotia/SP 1º Leilão: 22/","233.442,81",
https://www.apiceleiloes.com.br/item/15991/detalhes,Fabio Prando Fagundes Goes,Itapevi,SP,"Terreno de 6.933,95m² em Porto Feliz/SP 1º Leilão: 22/06/2026 às 14:00 Lance inicial: R$ 4","402.656,89",
https://www.apiceleiloes.com.br/leilao/14874/lotes,Fabio Prando Fagundes Goes,Itapevi,SP,Diversos Lotes em Rio Claro/SP 1º Leilão: 22/06/2026 às 15:00 Valor da avaliação 2º Leilão,,
https://www.apiceleiloes.com.br/item/15980/detalhes,Fabio Prando Fagundes Goes,Itapevi,SP,"Terreno de 248,00m² no Jd. Monte Rei em Itu/SP 1º Leilão: 25/06/2026 às 11:00 Lance inicia","163.109,53",
https://www.apiceleiloes.com.br/item/16031/detalhes,Fabio Prando Fagundes Goes,Itapevi,SP,"Imóvel em área de 250,20m² no Parque Residencial Potiguara em Itu/SP 1º Leilão: 26/06/2026","451.201,53",
https://www.apiceleiloes.com.br/item/16202/detalhes,Fabio Prando Fagundes Goes,Itapevi,SP,"Terreno de 1.000,00m² no Lot. Residencial Kurumin em Itu/SP 1º Leilão: 29/06/2026 às 13:00","764.172,35",
https://www.apiceleiloes.com.br/item/16204/detalhes,Fabio Prando Fagundes Goes,Itapevi,SP,"Imóvel de 40,28 m² em terreno de 178,50m² em Araçatuba/SP 1º Leilão: 29/06/2026 às 14:00 L","162.276,77",
https://www.apiceleiloes.com.br/item/16238/detalhes,Fabio Prando Fagundes Goes,Itapevi,SP,"Imóvel de 133m² em Jundiaí/SP 1º Leilão: 02/07/2026 às 13:00 Lance inicial: R$ 935.998,34","935.998,34",
https://www.apiceleiloes.com.br/item/16239/detalhes,Fabio Prando Fagundes Goes,Itapevi,SP,Direitos sobre Apartamento e uma Vaga de garagem no Ed. Villa di Siena Itu/SP 1º Leilão: 0,"523.011,99",
https://www.apiceleiloes.com.br/item/16281/detalhes,Fabio Prando Fagundes Goes,Itapevi,SP,Os Direitos sobre 50% de um apartamento no Cond. Res. Villa Rica em Cotia/SP 1º Leilão: 06,"108.330,81",
https://www.apiceleiloes.com.br/item/16275/detalhes,Fabio Prando Fagundes Goes,Itapevi,SP,Apartamento de 96m² com vaga de garagem no Ed. Hermínia em Diadema/SP 1º Leilão: 09/07/202,"710.904,42",
https://www.apiceleiloes.com.br/item/16282/detalhes,Fabio Prando Fagundes Goes,Itapevi,SP,Imóvel Residencial no Lot. Chácaras Residenciais Paraizo Marriot em Itu/SP 1º Leilão: 10/0,"4.555.340,21",
https://www.apiceleiloes.com.br/item/16318/detalhes,Fabio Prando Fagundes Goes,Itapevi,SP,Terreno de 894 m² na Avenida Santo Amaro em Sao Paulo/SP 1º Leilão: 13/07/2026 às 14:00 La,"10.542.202,47",
https://www.apiceleiloes.com.br/leilao/14888/lotes,Fabio Prando Fagundes Goes,Itapevi,SP,02 Lotes - 02 Vagas de Garagem no Edifício Araucária em São Paulo/SP 1º Leilão: 14/07/2026,,
https://www.apiceleiloes.com.br/item/15705/detalhes,Fabio Prando Fagundes Goes,Itapevi,SP,"Direitos sobre Terreno de 889,05m² no Cond. Granja Carneiro Vianna em Cotia/SP 1º Leilão:","182.274,40",
https://www.apiceleiloes.com.br/item/16425/detalhes,Fabio Prando Fagundes Goes,Itapevi,SP,Direitos sobre Terreno no Lot. Jardim das Flores em Cotia/SP 1º Leilão: 24/07/2026 às 16:0,"535.152,09",
https://www.apiceleiloes.com.br/item/16033/detalhes,Fabio Prando Fagundes Goes,Itapevi,SP,Terreno de 2.000m² no Lot. Los Álamos em Cotia/SP Data: 29/07/2026 (quarta-feira) Primeiro,"969.486,88",
https://www.apiceleiloes.com.br/item/15941/detalhes,Fabio Prando Fagundes Goes,Itapevi,SP,"Imóvel comercial em terreno de área do terreno e 1.042,43 m² em Porto Feliz/SP 1º Leilão:","1.634.031,32",
https://www.apiceleiloes.com.br/leilao/14924/lotes,Fabio Prando Fagundes Goes,Itapevi,SP,"Diversos  Terrenos em Viradouro e Terra Roxa, Estado de São Paulo 1º Leilão: 07/08/2026 às",,
https://www.apiceleiloes.com.br/item/16353/detalhes,Fabio Prando Fagundes Goes,Itapevi,SP,"Gleba de Terras com a área de 24.200,00m² em Salto/SP 1º Leilão: 13/08/2026 às 14:00 Lance","16.291.063,13",
https://www.megaleiloes.com.br/ML33999?utm_source=megaleiloes&utm_medium=link&utm_campaign=leilao-santander-os-melhores-imoveis-em-ate-420-meses%21-ml33999&utm_term=ML33999&utm_content=link,Fernando Jose Cerello Goncalves Pereira,Sao Paulo,SP,220 Lotes 603603 17 Leilão Santander: Os melhores Imóveis em até 420 meses! ML33999 Extraj,"62.956.667,00",
https://www.megaleiloes.com.br/ML33945?utm_source=megaleiloes&utm_medium=link&utm_campaign=banco-itau-imoveis-residenciais-com-desconto-e-parcelamento%21-ml33945&utm_term=ML33945&utm_content=link,Fernando Jose Cerello Goncalves Pereira,Sao Paulo,SP,178 Lotes 302687 34 Banco Itaú: Imóveis Residenciais com Desconto e Parcelamento! ML33945,,
https://www.megaleiloes.com.br/ML34025?utm_source=megaleiloes&utm_medium=link&utm_campaign=leilao-santander-imoveis-comerciais-e-excelente-area-rural-ml34025&utm_term=ML34025&utm_content=link,Fernando Jose Cerello Goncalves Pereira,Sao Paulo,SP,19 Lotes 6104 0 Leilão Santander: Imóveis Comerciais e Excelente Área Rural ML34025 Extraj,,
https://www.megaleiloes.com.br/ML33907?utm_source=megaleiloes&utm_medium=link&utm_campaign=banco-bradesco-imoveis-residenciais-e-comerciais-com-desconto-a-vista%21-ml33907&utm_term=ML33907&utm_content=link,Fernando Jose Cerello Goncalves Pereira,Sao Paulo,SP,2 Lotes 4774 0 Banco Bradesco: Imóveis Residenciais e Comerciais com DESCONTO à Vista! ML3,,
https://www.megaleiloes.com.br/ML33961?utm_source=megaleiloes&utm_medium=link&utm_campaign=itau-af-imoveis-com-o-valor-abaixo-da-avaliacao%21-ml33961&utm_term=ML33961&utm_content=link,Fernando Jose Cerello Goncalves Pereira,Sao Paulo,SP,14 Lotes 12208 0 Itaú AF: Imóveis com o valor ABAIXO da avaliação! ML33961 Extrajudicial 2,,
https://www.megaleiloes.com.br/ML34020?utm_source=megaleiloes&utm_medium=link&utm_campaign=leilao-santa-casa-imoveis-residenciais-comerciais-e-terrenos%21-ml34020&utm_term=ML34020&utm_content=link,Fernando Jose Cerello Goncalves Pereira,Sao Paulo,SP,"52 Lotes 32287 0 Leilão Santa Casa: Imóveis Residenciais, Comerciais e Terrenos! ML34020 E",,
https://www.megaleiloes.com.br/ML33908?utm_source=megaleiloes&utm_medium=link&utm_campaign=bradesco-af-imoveis-com-valores-ate-76-abaixo-na-segunda-praca%21-ml33908&utm_term=ML33908&utm_content=link,Fernando Jose Cerello Goncalves Pereira,Sao Paulo,SP,10 Lotes 13684 0 Bradesco AF: Imóveis com valores até 76% ABAIXO na segunda praça! ML33908,,
https://www.megaleiloes.com.br/ML33947?utm_source=megaleiloes&utm_medium=link&utm_campaign=imoveis-residenciais-comerciais-e-terrenos%21-ml33947&utm_term=ML33947&utm_content=link,Fernando Jose Cerello Goncalves Pereira,Sao Paulo,SP,"31 Lotes 35574 5 Imóveis Residenciais, Comerciais e Terrenos! ML33947 Extrajudicial Leilão",,
https://www.megaleiloes.com.br/ML33879?utm_source=megaleiloes&utm_medium=link&utm_campaign=bradesco-af-imoveis-com-valores-ate-65-abaixo-na-segunda-praca%21-ml33879&utm_term=ML33879&utm_content=link,Fernando Jose Cerello Goncalves Pereira,Sao Paulo,SP,15 Lotes 14715 0 Bradesco AF: Imóveis com valores até 65% ABAIXO na segunda praça! ML33879,,
https://www.megaleiloes.com.br/imoveis/imoveis-rurais/mt/sao-jose-do-xingu/imovel-rural-com-area-de-1209-ha-fazenda-sao-jose-sao-jose-do-xingu-mt-x124894?utm_source=megaleiloes&utm_medium=link&utm_campaign=imovel-rural-com-area-de-1209-ha-fazenda-sao-jose-sao-jose-do-xingu-mt-x124894&utm_term=X124894&utm_content=link,Fernando Jose Cerello Goncalves Pereira,Sao Paulo,SP,"R$ 62.956.667,00 3915 0 Imóvel Rural com Área de 1.209 ha (Fazenda São José) - São José do","62.956.667,00",
https://www.megaleiloes.com.br/ML34024?utm_source=megaleiloes&utm_medium=link&utm_campaign=bradesco-af-imoveis-com-valores-ate-65-abaixo-na-segunda-praca%21-ml34024&utm_term=ML34024&utm_content=link,Fernando Jose Cerello Goncalves Pereira,Sao Paulo,SP,8 Lotes 3950 0 Bradesco AF: Imóveis com valores até 65% ABAIXO na segunda praça! ML34024 E,,
https://www.megaleiloes.com.br/ML33960?utm_source=megaleiloes&utm_medium=link&utm_campaign=bradesco-af-imoveis-com-valores-ate-73-abaixo-na-segunda-praca%21-ml33960&utm_term=ML33960&utm_content=link,Fernando Jose Cerello Goncalves Pereira,Sao Paulo,SP,2 Lotes 2350 0 Bradesco AF: Imóveis com valores até 73% ABAIXO na segunda praça! ML33960 E,,
https://www.megaleiloes.com.br/imoveis/imoveis-rurais/sp/presidente-alves/imovel-rural-com-area-total-de-393-ha-fazenda-conquista-presidente-alves-sp-x123630?utm_source=megaleiloes&utm_medium=link&utm_campaign=imovel-rural-com-area-total-de-393-ha-fazenda-conquista-presidente-alves-sp-x123630&utm_term=X123630&utm_content=link,Fernando Jose Cerello Goncalves Pereira,Sao Paulo,SP,"R$ 30.000.000,00 4198 0 Imóvel Rural com área total de 393 ha (Fazenda Conquista) - Presid","30.000.000,00",
https://www.megaleiloes.com.br/imoveis/casas/sp/sao-paulo/casa-de-alto-padrao-715-m2-butanta-sao-paulo-sp-j123904?utm_source=megaleiloes&utm_medium=link&utm_campaign=casa-de-alto-padrao-715-m2-butanta-sao-paulo-sp-j123904&utm_term=J123904&utm_content=link,Fernando Jose Cerello Goncalves Pereira,Sao Paulo,SP,"R$ 5.087.833,36 4654 0 Casa de Alto Padrão 715 m² - Butantã - São Paulo - SP J123904 São P","5.087.833,36",
https://www.megaleiloes.com.br/imoveis/casas/sp/barueri/casa-de-alto-padrao-1024-m2-dominio-util-alphaville-residencial-i-barueri-sp-j124814?utm_source=megaleiloes&utm_medium=link&utm_campaign=casa-de-alto-padrao-1024-m2-dominio-util-alphaville-residencial-i-barueri-sp-j124814&utm_term=J124814&utm_content=link,Fernando Jose Cerello Goncalves Pereira,Sao Paulo,SP,"50% abaixo na 2ª praça R$ 23.793.007,55 2971 0 Casa de Alto Padrão 1.024 m² (Domínio Útil)","23.793.007,55",
https://www.megaleiloes.com.br/imoveis/imoveis-comerciais/sp/sao-paulo/imovel-comercial-com-area-de-20000-m2-jardins-recanto-das-rosas-sao-paulo-sp-j124393?utm_source=megaleiloes&utm_medium=link&utm_campaign=imovel-comercial-com-area-de-20000-m2-jardins-recanto-das-rosas-sao-paulo-sp-j124393&utm_term=J124393&utm_content=link,Fernando Jose Cerello Goncalves Pereira,Sao Paulo,SP,"50% abaixo na 2ª praça R$ 18.769.908,68 1345 0 Imóvel Comercial com área de 20.000 m² - Ja","18.769.908,68",
https://www.megaleiloes.com.br/imoveis/imoveis-rurais/go/itaruma/imovel-rural-178-ha-fazenda-el-shaday-vista-alegre-do-corrente-itaruma-go-j125293?utm_source=megaleiloes&utm_medium=link&utm_campaign=imovel-rural-178-ha-fazenda-el-shaday-vista-alegre-do-corrente-itaruma-go-j125293&utm_term=J125293&utm_content=link,Fernando Jose Cerello Goncalves Pereira,Sao Paulo,SP,"50% abaixo na 2ª praça R$ 10.479.217,53 1081 0 Imóvel Rural 178 ha (Fazenda el Shaday Vist","10.479.217,53",
https://www.megaleiloes.com.br/ML33881?utm_source=megaleiloes&utm_medium=link&utm_campaign=falencia-de-cla-i-casa-em-palhocasc-e-areas-com-ate-7-ha-em-porto-alegrers-ml33881&utm_term=ML33881&utm_content=link,Fernando Jose Cerello Goncalves Pereira,Sao Paulo,SP,4 Lotes 4451 0 FALÊNCIA DE C.L.A. I Casa em Palhoça/SC e Áreas com até 7 ha em Porto Alegr,,
https://www.megaleiloes.com.br/ML33897?utm_source=megaleiloes&utm_medium=link&utm_campaign=imovel-rural-com-1435-ha-e-terrenos-com-ate-360-m2--falencia-de-garavelo-e-cia-ml33897&utm_term=ML33897&utm_content=link,Fernando Jose Cerello Goncalves Pereira,Sao Paulo,SP,3 Lotes 4955 0 Imóvel Rural com 1.435 ha e Terrenos com até 360 m² | Falência de Garavelo,,
https://www.isaiasleiloes.com.br/leilao/5478/lotes,Flavio Duarte Ceruli,Patos de Minas,MG,TJMG - FÓRUM DE VÁRZEA DA PALMA/MG - 2º LEILÃO Data: 01/07/2026 (quarta-feira) Primeiro lo,,
https://www.isaiasleiloes.com.br/leilao/5493/lotes,Flavio Duarte Ceruli,Patos de Minas,MG,TJMG - FÓRUM DE ARAGUARI - 2º LEILÃO Data: 01/07/2026 (quarta-feira) Primeiro lote a parti,,
https://www.isaiasleiloes.com.br/leilao/5499/lotes,Flavio Duarte Ceruli,Patos de Minas,MG,TJMG - FÓRUM DE PATROCINIO  2º LEILÃO Data: 01/07/2026 (quarta-feira) Primeiro lote a part,,
https://www.leiloesceruli.com.br/leilao/5457/lotes,Flavio Duarte Ceruli,Patos de Minas,MG,TJMG - FÓRUM DE PATOS DE MINAS - 2º LEILÃO Data: 01/07/2026 (quarta-feira) Primeiro lote a,,
https://www.leiloesceruli.com.br/leilao/5504/lotes,Flavio Duarte Ceruli,Patos de Minas,MG,TJMG - FÓRUM DE PATOS DE MINAS - 1º LEILÃO Data: 01/07/2026 (quarta-feira) Primeiro lote a,,
https://www.leiloesceruli.com.br/leilao/5495/lotes,Flavio Duarte Ceruli,Patos de Minas,MG,TJMG - FÓRUM DE PRESIDENTE OLEGÁRIO - 1º LEILÃO Data: 01/07/2026 (quarta-feira) Primeiro l,,
https://www.leiloesceruli.com.br/leilao/5496/lotes,Flavio Duarte Ceruli,Patos de Minas,MG,TJMG - FÓRUM DE PRESIDENTE OLEGÁRIO - 2º LEILÃO Data: 01/07/2026 (quarta-feira) Primeiro l,,
https://www.isaiasleiloes.com.br/leilao/5508/lotes,Flavio Duarte Ceruli,Patos de Minas,MG,TJMG - FÓRUM DE UBÁ - 2º LEILÃO Data: 01/07/2026 (quarta-feira) Primeiro lote a partir das,,
https://www.leiloesceruli.com.br/leilao/5525/lotes,Flavio Duarte Ceruli,Patos de Minas,MG,TJMG - FÓRUM DE IPATINGA - 1º LEILÃO Data: 01/07/2026 (quarta-feira) Primeiro lote a parti,,
https://www.isaiasleiloes.com.br/leilao/5567/lotes,Flavio Duarte Ceruli,Patos de Minas,MG,JUSTIÇA DO TRABALHO DE JUIZ DE FORA - 2º LEILÃO Data: 02/07/2026 (quinta-feira) Primeiro l,,
https://www.isaiasleiloes.com.br/leilao/5550/lotes,Flavio Duarte Ceruli,Patos de Minas,MG,JUSTIÇA DO TRABALHO CORONEL FABRICIANO/MG - 2º LEILÃO Data: 02/07/2026 (quinta-feira) Prim,,
https://www.leiloesceruli.com.br/leilao/5565/lotes,Flavio Duarte Ceruli,Patos de Minas,MG,UNIÃO FEDERAL - PGFN (COMPREI.GOV.BR) Data: 03/07/2026 (sexta-feira) Primeiro lote a parti,,
https://www.isaiasleiloes.com.br/leilao/5609/lotes,Flavio Duarte Ceruli,Patos de Minas,MG,JUSTIÇA DO TRABALHO PASSOS - 2º LEILÃO Data: 07/07/2026 (terça-feira) Primeiro lote a part,,
https://www.leiloesceruli.com.br/leilao/5654/lotes,Flavio Duarte Ceruli,Patos de Minas,MG,JUSTIÇA DO TRABALHO POUSO ALEGRE - 1º LEILÃO Data: 07/07/2026 (terça-feira) Primeiro lote,,
https://www.leiloesceruli.com.br/leilao/5655/lotes,Flavio Duarte Ceruli,Patos de Minas,MG,JUSTIÇA DO TRABALHO POUSO ALEGRE - 2º LEILÃO Data: 07/07/2026 (terça-feira) Primeiro lote,,
https://www.isaiasleiloes.com.br/leilao/5556/lotes,Flavio Duarte Ceruli,Patos de Minas,MG,JUSTIÇA DO TRABALHO POUSO ALEGRE - 2º LEILÃO Data: 07/07/2026 (terça-feira) Primeiro lote,,
https://www.isaiasleiloes.com.br/leilao/5535/lotes,Flavio Duarte Ceruli,Patos de Minas,MG,TJMG - FÓRUM DE ARAGUARI - 2º LEILÃO Data: 09/07/2026 (quinta-feira) Primeiro lote a parti,,
https://www.leiloesceruli.com.br/leilao/5531/lotes,Flavio Duarte Ceruli,Patos de Minas,MG,TJMG - FÓRUM DE PARÁ DE MINAS - 1º LEILÃO Data: 09/07/2026 (quinta-feira) Primeiro lote a,,
https://www.leiloesceruli.com.br/leilao/5532/lotes,Flavio Duarte Ceruli,Patos de Minas,MG,TJMG - FÓRUM DE PARÁ DE MINAS - 2º LEILÃO Data: 09/07/2026 (quinta-feira) Primeiro lote a,,
https://www.leiloesceruli.com.br/leilao/5120/lotes,Flavio Duarte Ceruli,Patos de Minas,MG,JUSTIÇA DO TRABALHO FRUTAL - 1º LEILÃO Data: 14/07/2026 (terça-feira) Primeiro lote a part,,
https://www.leiloesceruli.com.br/leilao/5121/lotes,Flavio Duarte Ceruli,Patos de Minas,MG,JUSTIÇA DO TRABALHO FRUTAL - 2º LEILÃO Data: 14/07/2026 (terça-feira) Primeiro lote a part,,
https://www.leiloesceruli.com.br/leilao/5671/lotes,Flavio Duarte Ceruli,Patos de Minas,MG,JUSTIÇA DO TRABALHO  UBERLÂNDIA - 1º LEILÃO Data: 14/07/2026 (terça-feira) Primeiro lote a,,
https://www.leiloesceruli.com.br/leilao/5672/lotes,Flavio Duarte Ceruli,Patos de Minas,MG,JUSTIÇA DO TRABALHO UBERLÂNDIA - 2º LEILÃO Data: 14/07/2026 (terça-feira) Primeiro lote a,,
https://www.isaiasleiloes.com.br/leilao/5105/lotes,Flavio Duarte Ceruli,Patos de Minas,MG,JUSTIÇA DO TRABALHO UBERABA - 2º LEILÃO Data: 14/07/2026 (terça-feira) Primeiro lote a par,,
https://www.leiloesceruli.com.br/leilao/5459/lotes,Flavio Duarte Ceruli,Patos de Minas,MG,TJMG - FÓRUM DE VÁRZEA DA PALMA/MG - 1º LEILÃO Data: 16/07/2026 (quinta-feira) Primeiro lo,,
https://www.leiloesceruli.com.br/leilao/5460/lotes,Flavio Duarte Ceruli,Patos de Minas,MG,TJMG - FÓRUM DE VÁRZEA DA PALMA/MG - 2º LEILÃO Data: 16/07/2026 (quinta-feira) Primeiro lo,,
https://www.leiloesceruli.com.br/leilao/5528/lotes,Flavio Duarte Ceruli,Patos de Minas,MG,TJMG - FÓRUM DE BELO HORIZONTE - 1º LEILÃO Data: 16/07/2026 (quinta-feira) Primeiro lote a,,
https://www.leiloesceruli.com.br/leilao/5529/lotes,Flavio Duarte Ceruli,Patos de Minas,MG,TJMG - FÓRUM DE BELO HORIZONTE - 2º LEILÃO Data: 16/07/2026 (quinta-feira) Primeiro lote a,,
https://www.leiloesceruli.com.br/leilao/5505/lotes,Flavio Duarte Ceruli,Patos de Minas,MG,TJMG - FÓRUM DE PATOS DE MINAS - 2º LEILÃO Data: 16/07/2026 (quinta-feira) Primeiro lote a,,
https://www.isaiasleiloes.com.br/leilao/5547/lotes,Flavio Duarte Ceruli,Patos de Minas,MG,TJMG - FÓRUM DE BELO HORIZONTE - 2º LEILÃO Data: 16/07/2026 (quinta-feira) Primeiro lote a,,
https://www.isaiasleiloes.com.br/leilao/5646/lotes,Flavio Duarte Ceruli,Patos de Minas,MG,JUSTIÇA DO TRABALHO CONSELHEIRO LAFAIETE/MG - 2º LEILÃO Data: 21/07/2026 (terça-feira) Pri,,
https://www.isaiasleiloes.com.br/leilao/5615/lotes,Flavio Duarte Ceruli,Patos de Minas,MG,JUSTIÇA DO TRABALHO DE JUIZ DE FORA - 2º LEILÃO Data: 22/07/2026 (quarta-feira) Primeiro l,,
https://www.isaiasleiloes.com.br/leilao/5517/lotes,Flavio Duarte Ceruli,Patos de Minas,MG,TJMG - FÓRUM DE ABRE CAMPO - 2º LEILÃO Data: 23/07/2026 (quinta-feira) Primeiro lote a par,,
https://www.leiloesceruli.com.br/leilao/5526/lotes,Flavio Duarte Ceruli,Patos de Minas,MG,TJMG - FÓRUM DE IPATINGA - 2º LEILÃO Data: 23/07/2026 (quinta-feira) Primeiro lote a parti,,
https://www.isaiasleiloes.com.br/leilao/5553/lotes,Flavio Duarte Ceruli,Patos de Minas,MG,TJMG - FÓRUM DE PEDRALVA/MG - 2º LEILÃO Data: 30/07/2026 (quinta-feira) Primeiro lote a pa,,
https://www.isaiasleiloes.com.br/leilao/5562/lotes,Flavio Duarte Ceruli,Patos de Minas,MG,TJMG - FÓRUM DE PATROCINIO  2º LEILÃO Data: 30/07/2026 (quinta-feira) Primeiro lote a part,,
https://www.leiloesceruli.com.br/leilao/5311/lotes,Flavio Duarte Ceruli,Patos de Minas,MG,TJMG - FÓRUM DE BELO HORIZONTE - 1º LEILÃO Data: 06/08/2026 (quinta-feira) Primeiro lote a,,
https://www.leiloesceruli.com.br/leilao/5312/lotes,Flavio Duarte Ceruli,Patos de Minas,MG,TJMG - FÓRUM DE BELO HORIZONTE - 2º LEILÃO Data: 06/08/2026 (quinta-feira) Primeiro lote a,,
https://www.leiloesceruli.com.br/leilao/5578/lotes,Flavio Duarte Ceruli,Patos de Minas,MG,TJMG - FÓRUM DE PRESIDENTE OLEGÁRIO - 1º LEILÃO Data: 06/08/2026 (quinta-feira) Primeiro l,,
https://www.leiloesceruli.com.br/leilao/5579/lotes,Flavio Duarte Ceruli,Patos de Minas,MG,TJMG - FÓRUM DE PRESIDENTE OLEGÁRIO - 2º LEILÃO Data: 06/08/2026 (quinta-feira) Primeiro l,,
https://www.franciscodavidleiloeiro.com.br/veiculos-e-equipamentos-34940,Francisco David Batista de Souza,Belo Horizonte,MG,74Lotes,,
https://www.franciscodavidleiloeiro.com.br/leilao-de-maquinas-e-veiculos-pesados-35441,Francisco David Batista de Souza,Belo Horizonte,MG,3Lotes,,
https://www.franciscodavidleiloeiro.com.br/imoveis-emgea-no-rj-e-sp-34870,Francisco David Batista de Souza,Belo Horizonte,MG,7Lotes,,
https://www.franciscodavidleiloeiro.com.br/maquinas-pesadas-caminhoes-empilhadeiras-vale-30796,Francisco David Batista de Souza,Belo Horizonte,MG,11Lotes,,
https://www.franciscodavidleiloeiro.com.br/imoveis/casa/casa-area-1-152-m-guaruja-122196,Francisco David Batista de Souza,Belo Horizonte,MG,Venda de Imóvel por Iniciativa Particular ID: 35351 imóveis.io CASA - ÁREA 1.152 M² - GUAR,,
https://www.marianoleiloes.com.br/lote/376/imovel-comercial-pouso-alegre-mg-garagem-da-expresso-gardenia,Gilson Aparecido Mariano,Passos,MG,IMOVEL COMERCIAL - POUSO ALEGRE MG - GARAGEM DA EXPRESSO GARDENIA,"4.800.000,00",
https://www.marianoleiloes.com.br/categoria/imoveis#,Gilson Aparecido Mariano,Passos,MG,IMOVEL COMERCIAL - POUSO ALEGRE MG - GARAGEM DA EXPRESSO GARDENIA,"4.800.000,00",
https://www.casamartillo.com.br/leilao/8/lotes,Giovana Norma Bolico,Balneario Camboriu,SC,3ª VARA CÍVEL DA COMARCA DE ITAJAÍ/SC,,
https://www.isaiasleiloes.com.br/leilao/5477/lotes,Isaias Rosa Ramos Junior,Patos de Minas,MG,TJMG - FÓRUM DE VÁRZEA DA PALMA/MG - 1º LEILÃO Data: 01/07/2026 (quarta-feira) Primeiro lo,,
https://www.isaiasleiloes.com.br/leilao/5478/lotes,Isaias Rosa Ramos Junior,Patos de Minas,MG,TJMG - FÓRUM DE VÁRZEA DA PALMA/MG - 2º LEILÃO Data: 01/07/2026 (quarta-feira) Primeiro lo,,
https://www.isaiasleiloes.com.br/leilao/5492/lotes,Isaias Rosa Ramos Junior,Patos de Minas,MG,TJMG - FÓRUM DE ARAGUARI - 1º LEILÃO Data: 01/07/2026 (quarta-feira) Primeiro lote a parti,,
https://www.isaiasleiloes.com.br/leilao/5493/lotes,Isaias Rosa Ramos Junior,Patos de Minas,MG,TJMG - FÓRUM DE ARAGUARI - 2º LEILÃO Data: 01/07/2026 (quarta-feira) Primeiro lote a parti,,
https://www.isaiasleiloes.com.br/leilao/5498/lotes,Isaias Rosa Ramos Junior,Patos de Minas,MG,TJMG - FÓRUM DE PATROCINIO  1º LEILÃO Data: 01/07/2026 (quarta-feira) Primeiro lote a part,,
https://www.isaiasleiloes.com.br/leilao/5499/lotes,Isaias Rosa Ramos Junior,Patos de Minas,MG,TJMG - FÓRUM DE PATROCINIO  2º LEILÃO Data: 01/07/2026 (quarta-feira) Primeiro lote a part,,
https://www.leiloesceruli.com.br/leilao/5457/lotes,Isaias Rosa Ramos Junior,Patos de Minas,MG,TJMG - FÓRUM DE PATOS DE MINAS - 2º LEILÃO Data: 01/07/2026 (quarta-feira) Primeiro lote a,,
https://www.isaiasleiloes.com.br/leilao/5507/lotes,Isaias Rosa Ramos Junior,Patos de Minas,MG,TJMG - FÓRUM DE UBÁ - 1º LEILÃO Data: 01/07/2026 (quarta-feira) Primeiro lote a partir das,,
https://www.leiloesceruli.com.br/leilao/5496/lotes,Isaias Rosa Ramos Junior,Patos de Minas,MG,TJMG - FÓRUM DE PRESIDENTE OLEGÁRIO - 2º LEILÃO Data: 01/07/2026 (quarta-feira) Primeiro l,,
https://www.isaiasleiloes.com.br/leilao/5508/lotes,Isaias Rosa Ramos Junior,Patos de Minas,MG,TJMG - FÓRUM DE UBÁ - 2º LEILÃO Data: 01/07/2026 (quarta-feira) Primeiro lote a partir das,,
https://www.isaiasleiloes.com.br/leilao/5566/lotes,Isaias Rosa Ramos Junior,Patos de Minas,MG,JUSTIÇA DO TRABALHO  DE JUIZ DE FORA - 1º LEILÃO Data: 02/07/2026 (quinta-feira) Primeiro,,
https://www.isaiasleiloes.com.br/leilao/5567/lotes,Isaias Rosa Ramos Junior,Patos de Minas,MG,JUSTIÇA DO TRABALHO DE JUIZ DE FORA - 2º LEILÃO Data: 02/07/2026 (quinta-feira) Primeiro l,,
https://www.isaiasleiloes.com.br/leilao/5549/lotes,Isaias Rosa Ramos Junior,Patos de Minas,MG,JUSTIÇA DO TRABALHO CORONEL FABRICIANO/MG - 1º LEILÃO Data: 02/07/2026 (quinta-feira) Prim,,
https://www.isaiasleiloes.com.br/leilao/5550/lotes,Isaias Rosa Ramos Junior,Patos de Minas,MG,JUSTIÇA DO TRABALHO CORONEL FABRICIANO/MG - 2º LEILÃO Data: 02/07/2026 (quinta-feira) Prim,,
https://www.isaiasleiloes.com.br/leilao/5564/lotes,Isaias Rosa Ramos Junior,Patos de Minas,MG,UNIÃO FEDERAL - PGFN (COMPREI.GOV.BR) Data: 03/07/2026 (sexta-feira) Primeiro lote a parti,,
https://www.isaiasleiloes.com.br/leilao/5608/lotes,Isaias Rosa Ramos Junior,Patos de Minas,MG,JUSTIÇA DO TRABALHO  PASSOS - 1º LEILÃO Data: 07/07/2026 (terça-feira) Primeiro lote a par,,
https://www.isaiasleiloes.com.br/leilao/5609/lotes,Isaias Rosa Ramos Junior,Patos de Minas,MG,JUSTIÇA DO TRABALHO PASSOS - 2º LEILÃO Data: 07/07/2026 (terça-feira) Primeiro lote a part,,
https://www.leiloesceruli.com.br/leilao/5655/lotes,Isaias Rosa Ramos Junior,Patos de Minas,MG,JUSTIÇA DO TRABALHO POUSO ALEGRE - 2º LEILÃO Data: 07/07/2026 (terça-feira) Primeiro lote,,
https://www.isaiasleiloes.com.br/leilao/5555/lotes,Isaias Rosa Ramos Junior,Patos de Minas,MG,JUSTIÇA DO TRABALHO POUSO ALEGRE - 1º LEILÃO Data: 07/07/2026 (terça-feira) Primeiro lote,,
https://www.isaiasleiloes.com.br/leilao/5556/lotes,Isaias Rosa Ramos Junior,Patos de Minas,MG,JUSTIÇA DO TRABALHO POUSO ALEGRE - 2º LEILÃO Data: 07/07/2026 (terça-feira) Primeiro lote,,
https://www.isaiasleiloes.com.br/leilao/5516/lotes,Isaias Rosa Ramos Junior,Patos de Minas,MG,TJMG - FÓRUM DE ABRE CAMPO - 1º LEILÃO Data: 09/07/2026 (quinta-feira) Primeiro lote a par,,
https://www.isaiasleiloes.com.br/leilao/5534/lotes,Isaias Rosa Ramos Junior,Patos de Minas,MG,TJMG - FÓRUM DE ARAGUARI - 1º LEILÃO Data: 09/07/2026 (quinta-feira) Primeiro lote a parti,,
https://www.isaiasleiloes.com.br/leilao/5535/lotes,Isaias Rosa Ramos Junior,Patos de Minas,MG,TJMG - FÓRUM DE ARAGUARI - 2º LEILÃO Data: 09/07/2026 (quinta-feira) Primeiro lote a parti,,
https://www.leiloesceruli.com.br/leilao/5532/lotes,Isaias Rosa Ramos Junior,Patos de Minas,MG,TJMG - FÓRUM DE PARÁ DE MINAS - 2º LEILÃO Data: 09/07/2026 (quinta-feira) Primeiro lote a,,
https://www.leiloesceruli.com.br/leilao/5121/lotes,Isaias Rosa Ramos Junior,Patos de Minas,MG,JUSTIÇA DO TRABALHO FRUTAL - 2º LEILÃO Data: 14/07/2026 (terça-feira) Primeiro lote a part,,
https://www.leiloesceruli.com.br/leilao/5672/lotes,Isaias Rosa Ramos Junior,Patos de Minas,MG,JUSTIÇA DO TRABALHO UBERLÂNDIA - 2º LEILÃO Data: 14/07/2026 (terça-feira) Primeiro lote a,,
https://www.isaiasleiloes.com.br/leilao/5104/lotes,Isaias Rosa Ramos Junior,Patos de Minas,MG,JUSTIÇA DO TRABALHO UBERABA - 1º LEILÃO Data: 14/07/2026 (terça-feira) Primeiro lote a par,,
https://www.isaiasleiloes.com.br/leilao/5105/lotes,Isaias Rosa Ramos Junior,Patos de Minas,MG,JUSTIÇA DO TRABALHO UBERABA - 2º LEILÃO Data: 14/07/2026 (terça-feira) Primeiro lote a par,,
https://www.leiloesceruli.com.br/leilao/5460/lotes,Isaias Rosa Ramos Junior,Patos de Minas,MG,TJMG - FÓRUM DE VÁRZEA DA PALMA/MG - 2º LEILÃO Data: 16/07/2026 (quinta-feira) Primeiro lo,,
https://www.leiloesceruli.com.br/leilao/5529/lotes,Isaias Rosa Ramos Junior,Patos de Minas,MG,TJMG - FÓRUM DE BELO HORIZONTE - 2º LEILÃO Data: 16/07/2026 (quinta-feira) Primeiro lote a,,
https://www.leiloesceruli.com.br/leilao/5505/lotes,Isaias Rosa Ramos Junior,Patos de Minas,MG,TJMG - FÓRUM DE PATOS DE MINAS - 2º LEILÃO Data: 16/07/2026 (quinta-feira) Primeiro lote a,,
https://www.isaiasleiloes.com.br/leilao/5546/lotes,Isaias Rosa Ramos Junior,Patos de Minas,MG,TJMG - FÓRUM DE BELO HORIZONTE - 1º LEILÃO Data: 16/07/2026 (quinta-feira) Primeiro lote a,,
https://www.isaiasleiloes.com.br/leilao/5547/lotes,Isaias Rosa Ramos Junior,Patos de Minas,MG,TJMG - FÓRUM DE BELO HORIZONTE - 2º LEILÃO Data: 16/07/2026 (quinta-feira) Primeiro lote a,,
https://www.isaiasleiloes.com.br/leilao/5645/lotes,Isaias Rosa Ramos Junior,Patos de Minas,MG,JUSTIÇA DO TRABALHO  CONSELHEIRO LAFAIETE/MG - 1º LEILÃO Data: 21/07/2026 (terça-feira) Pr,,
https://www.isaiasleiloes.com.br/leilao/5646/lotes,Isaias Rosa Ramos Junior,Patos de Minas,MG,JUSTIÇA DO TRABALHO CONSELHEIRO LAFAIETE/MG - 2º LEILÃO Data: 21/07/2026 (terça-feira) Pri,,
https://www.isaiasleiloes.com.br/leilao/5614/lotes,Isaias Rosa Ramos Junior,Patos de Minas,MG,JUSTIÇA DO TRABALHO  DE JUIZ DE FORA - 1º LEILÃO Data: 22/07/2026 (quarta-feira) Primeiro,,
https://www.isaiasleiloes.com.br/leilao/5615/lotes,Isaias Rosa Ramos Junior,Patos de Minas,MG,JUSTIÇA DO TRABALHO DE JUIZ DE FORA - 2º LEILÃO Data: 22/07/2026 (quarta-feira) Primeiro l,,
https://www.isaiasleiloes.com.br/leilao/5517/lotes,Isaias Rosa Ramos Junior,Patos de Minas,MG,TJMG - FÓRUM DE ABRE CAMPO - 2º LEILÃO Data: 23/07/2026 (quinta-feira) Primeiro lote a par,,
https://www.leiloesceruli.com.br/leilao/5526/lotes,Isaias Rosa Ramos Junior,Patos de Minas,MG,TJMG - FÓRUM DE IPATINGA - 2º LEILÃO Data: 23/07/2026 (quinta-feira) Primeiro lote a parti,,
https://www.isaiasleiloes.com.br/leilao/5552/lotes,Isaias Rosa Ramos Junior,Patos de Minas,MG,TJMG - FÓRUM DE PEDRALVA/MG - 1º LEILÃO Data: 30/07/2026 (quinta-feira) Primeiro lote a pa,,
https://www.joaoemilio.com.br/leilao/5966/lotes,Joao Emilio de Oliveira Filho,Rio de Janeiro,RJ,ALLIANZ SEGUROS Data: 12/06/2026 (sexta-feira) Início do leilão às 11:00 SUCATAS Lei 12.97,,
https://www.joaoemilio.com.br/leilao/5961/lotes,Joao Emilio de Oliveira Filho,Rio de Janeiro,RJ,ALLIANZ SEGUROS Data: 12/06/2026 (sexta-feira) Início do leilão às 11:10 CARROS IPVA 2026,,
https://www.joaoemilio.com.br/leilao/5960/lotes,Joao Emilio de Oliveira Filho,Rio de Janeiro,RJ,ALLIANZ SEGUROS Data: 12/06/2026 (sexta-feira) Início do leilão às 11:20 MOTOS IPVA 2026 p,,
https://www.joaoemilio.com.br/leilao/5980/lotes,Joao Emilio de Oliveira Filho,Rio de Janeiro,RJ,FACILITY Data: 12/06/2026 (sexta-feira) Início do leilão às 12:30 VEÍCULOS INTEIROS e RECU,,
https://www.joaoemilio.com.br/leilao/5982/lotes,Joao Emilio de Oliveira Filho,Rio de Janeiro,RJ,CAMINHÕES Data: 12/06/2026 (sexta-feira) Início do leilão às 12:40 RENOVAÇÃO DE FROTA M BE,,
https://www.joaoemilio.com.br/leilao/5965/lotes,Joao Emilio de Oliveira Filho,Rio de Janeiro,RJ,ALLIANZ SEGUROS Data: 19/06/2026 (sexta-feira) Início do leilão às 11:00 SUCATAS Lei 12.97,,
https://www.joaoemilio.com.br/leilao/5962/lotes,Joao Emilio de Oliveira Filho,Rio de Janeiro,RJ,ALLIANZ SEGUROS Data: 19/06/2026 (sexta-feira) Início do leilão às 11:10 CARROS IPVA 2026,,
https://www.joaoemilio.com.br/leilao/5959/lotes,Joao Emilio de Oliveira Filho,Rio de Janeiro,RJ,ALLIANZ SEGUROS Data: 19/06/2026 (sexta-feira) Início do leilão às 11:20 MOTOS IPVA 2026 p,,
https://www.joaoemilio.com.br/leilao/5969/lotes,Joao Emilio de Oliveira Filho,Rio de Janeiro,RJ,MULTIMARCAS Data: 19/06/2026 (sexta-feira) Início do leilão às 12:00 VEÍCULOS DE FINANCEIR,,
https://www.joaoemilio.com.br/leilao/5964/lotes,Joao Emilio de Oliveira Filho,Rio de Janeiro,RJ,ALLIANZ SEGUROS Data: 26/06/2026 (sexta-feira) Início do leilão às 11:00 SUCATAS Lei 12.97,,
https://www.joaoemilio.com.br/leilao/5963/lotes,Joao Emilio de Oliveira Filho,Rio de Janeiro,RJ,ALLIANZ SEGUROS Data: 26/06/2026 (sexta-feira) Início do leilão às 11:10 CARROS IPVA 2026,,
https://www.joaoemilio.com.br/leilao/5958/lotes,Joao Emilio de Oliveira Filho,Rio de Janeiro,RJ,ALLIANZ SEGUROS Data: 26/06/2026 (sexta-feira) Início do leilão às 11:20 MOTOS IPVA 2026 p,,
https://www.joaoemilio.com.br/leilao/5968/lotes,Joao Emilio de Oliveira Filho,Rio de Janeiro,RJ,MULTIMARCAS Data: 26/06/2026 (sexta-feira) Início do leilão às 12:00 VEÍCULOS DE FINANCEIR,,
https://www.flexleiloes.com.br,Jose Luiz Pereira Vizeu,Ouro Fino,MG,Santa Cruz de Goiás/GO50% do imóvel,"560.000,00",
https://www.calilleiloes.com.br/leilao/114/lotes,Julio Abdo Costa Calil,Ribeirao Preto,SP,IMÓVEIS na cidade de Catanduva/SP Data: 10/06/2026 (quarta-feira) Primeiro lote a partir d,,
https://www.calilleiloes.com.br/item/290/detalhes,Julio Abdo Costa Calil,Ribeirao Preto,SP,IMÓVEL RURAL - FAZENDA PEQUI com 303 ha - Município de Bonfinópolis/MG 1º Leilão: 11/06/20,"27.149.075,14",
https://www.calilleiloes.com.br/leilao/128/lotes,Julio Abdo Costa Calil,Ribeirao Preto,SP,TERRENOS URBANOS - Loteamento Recanto dos Pescadores na cidade de Novo Horizonte/SP 1º Lei,,
https://www.calilleiloes.com.br/item/233/detalhes,Julio Abdo Costa Calil,Ribeirao Preto,SP,ÁREA RURAL - SITIO SÃO FRANCISCO DE ASSIS na cidade de Jaguariúna/SP Envie sua proposta at,,
https://www.calilleiloes.com.br/leilao/165/lotes,Julio Abdo Costa Calil,Ribeirao Preto,SP,IMÓVEIS no Estado do Rio Grande do Sul - APARTAMENTO em Porto Alegre e CASA RESIDENCIAL em,"162.000,00",
https://www.calilleiloes.com.br/item/452/detalhes,Julio Abdo Costa Calil,Ribeirao Preto,SP,TERRENO - LOTE 03 da QUADRA 144 localizado em Mansões Recreio Estrela Dalva IV em Luiziâni,"61.920,00",
https://www.calilleiloes.com.br/leilao/173/lotes,Julio Abdo Costa Calil,Ribeirao Preto,SP,04 IMÓVEIS nos Estados de:  GOIÁS - PIAUÍ - SANTA CATARINA e SÃO PAULO Data: 23/06/2026 (t,"270.615,00",
https://www.calilleiloes.com.br/leilao/143/lotes,Julio Abdo Costa Calil,Ribeirao Preto,SP,PRÉDIOS RESIDENCIAIS no Bairro Glória Centro da cidade do Rio de Janeiro/RJ Envie sua prop,"345.000,00",
https://www.calilleiloes.com.br/item/435/detalhes,Julio Abdo Costa Calil,Ribeirao Preto,SP,DIREITOS AQUISITIVOS - Apartamento Und 22  -  Edifício Cerejeira na cidade de Ribeirão Pre,"190.852,29",
https://www.calilleiloes.com.br/item/443/detalhes,Julio Abdo Costa Calil,Ribeirao Preto,SP,DIREITOS AQUISITIVOS - Apartamento Und 31 - Torre 2 - Bloco B - Condomínio Itajubá na cida,"594,35",
https://www.calilleiloes.com.br/item/348/detalhes,Julio Abdo Costa Calil,Ribeirao Preto,SP,50% de IMÓVEL COMERCIAL localizado no Centro da cidade de Brodowski/SP 1º Leilão: 02/07/20,"157.229,33",
https://www.calilleiloes.com.br/item/444/detalhes,Julio Abdo Costa Calil,Ribeirao Preto,SP,DIREITOS AQUISITIVOS - Apartamento Und 11 - Bloco 5 - Condomínio Residencial Wilson Toni n,"48.570,27",
https://www.calilleiloes.com.br/item/431/detalhes,Julio Abdo Costa Calil,Ribeirao Preto,SP,VEÍCULO - VOLKSWAGEN SAVEIRO - ROBUST TOTAL FLEX 1.6 8V - 2017/2018 - BRANCA - Placa Final,"26.983,87",
https://www.calilleiloes.com.br/item/347/detalhes,Julio Abdo Costa Calil,Ribeirao Preto,SP,NUA PROPRIEDADE de CHÁCARA com Benfeitorias - Área de 16.995m² localizada no Condomínio Qu,"5.379.839,99",
https://www.calilleiloes.com.br/item/449/detalhes,Julio Abdo Costa Calil,Ribeirao Preto,SP,50% de TERRENO RESIDENCIAL DE 5.400m² localizado no Bairro Jd Jose Sampaio Jr na cidade de,"1.676.922,31",
https://www.calilleiloes.com.br/item/434/detalhes,Julio Abdo Costa Calil,Ribeirao Preto,SP,FAZENDA BORDA da MATA - Área Total 444ha - localizada na Zona Rural de Paracatu - MG 1º Le,"10.500.362,92",
https://www.calilleiloes.com.br/item/436/detalhes,Julio Abdo Costa Calil,Ribeirao Preto,SP,DIREITOS AQUISITIVOS - 50% de  APARTAMENTO Und 205- Bloco 14 - Parque Recanto da Lagoinha,"43.267,94",
https://www.calilleiloes.com.br/leilao/169/lotes,Julio Abdo Costa Calil,Ribeirao Preto,SP,IMÓVEIS e VEÍCULOS na cidade de Serra Azul/SP 1º Leilão: 30/07/2026 às 14:00 Lance Inicial,"97.936,40",
https://www.calilleiloes.com.br/item/442/detalhes,Julio Abdo Costa Calil,Ribeirao Preto,SP,IMÓVEL - APARTAMENTO Und 202 - Bloco 1 - Edifício Ana Angélica Chaves Zanhar na cidade de,"447.665,72",
https://www.calilleiloes.com.br/item/451/detalhes,Julio Abdo Costa Calil,Ribeirao Preto,SP,IMÓVEL - CASA RESIDENCIAL localizada no Bairro Nova Lima na cidade de Campo Grande/MS 1º L,"233.278,22",
https://www.luisleiloeiro.com.br/leilao/prefeitura-municipal-de-carai-mg-18-05-2026-14-40-02/lotes/lista,Luis Otavio Marcolino Shinkawa,Eloi Mendes,MG,PREFEITURA MUNICIPAL DE CARAI-MG,,
https://www.luisleiloeiro.com.br/leilao/prefeitura-municipal-de-aguas-formosas-18-05-2026-00-25-10/lotes/lista,Luis Otavio Marcolino Shinkawa,Eloi Mendes,MG,PREFEITURA MUNICIPAL DE AGUAS FORMOSAS,,
https://www.luisleiloeiro.com.br/leilao/leilao-federal-norte-e-nordeste-11-12-2025-16-42-34/lotes/lista,Luis Otavio Marcolino Shinkawa,Eloi Mendes,MG,LEILÃO FEDERAL - NORTE E NORDESTE,,
https://www.luisleiloeiro.com.br/leilao/leilao-federal-pernambuco-12-12-2025-07-55-21/lotes/lista,Luis Otavio Marcolino Shinkawa,Eloi Mendes,MG,LEILÃO FEDERAL - PERNAMBUCO,,
https://www.luisleiloeiro.com.br/leilao/leilao-federal-minas-gerais-15-12-2025-12-30-11/lotes/lista,Luis Otavio Marcolino Shinkawa,Eloi Mendes,MG,LEILÃO FEDERAL - MINAS GERAIS,,
https://www.luisleiloeiro.com.br/leilao/leilao-federal-rio-de-janeiro-17-12-2025-15-46-42/lotes/lista,Luis Otavio Marcolino Shinkawa,Eloi Mendes,MG,LEILÃO FEDERAL - RIO DE JANEIRO,,
https://www.luisleiloeiro.com.br/leilao/leilao-federal-df-es-go-ms-mt-pr-rs-sc-19-12-2025-16-17-52/lotes/lista,Luis Otavio Marcolino Shinkawa,Eloi Mendes,MG,"LEILÃO FEDERAL - DF, ES, GO, MS, MT, PR, RS, SC",,
https://www.luisleiloeiro.com.br/leilao/leilao-federal-sao-paulo-22-12-2025-09-43-45/lotes/lista,Luis Otavio Marcolino Shinkawa,Eloi Mendes,MG,LEILÃO FEDERAL - SÃO PAULO,,
https://www.luisleiloeiro.com.br/leilao/leilao-judicial-maquina-de-cilindros-3-bicos-automatica-mida-inox-26-05-2026-08-09-55/lotes/lista,Luis Otavio Marcolino Shinkawa,Eloi Mendes,MG,LEILÃO JUDICIAL - MÁQUINA DE CILINDROS 3 BICOS AUTOMÁTICA MI...,,
https://www.luisleiloeiro.com.br/leilao/prefeitura-municipal-de-aguas-formosas-18-05-2026-00-25-10/lote_id/4011,Luis Otavio Marcolino Shinkawa,Eloi Mendes,MG,FIAT/ARGO 1.0 6V/2021,"30.000,00",
https://www.luisleiloeiro.com.br/leilao/prefeitura-municipal-de-aguas-formosas-18-05-2026-00-25-10/lote_id/4012,Luis Otavio Marcolino Shinkawa,Eloi Mendes,MG,FIAT/ARGO 1.0 6V 5L/2022,"35.000,00",
https://www.luisleiloeiro.com.br/leilao/prefeitura-municipal-de-aguas-formosas-18-05-2026-00-25-10/lote_id/4013,Luis Otavio Marcolino Shinkawa,Eloi Mendes,MG,FIAT/ARGO 1.0 6V 5L/2021,"15.000,00",
https://www.luisleiloeiro.com.br/leilao/prefeitura-municipal-de-aguas-formosas-18-05-2026-00-25-10/lote_id/4014,Luis Otavio Marcolino Shinkawa,Eloi Mendes,MG,FIAT/ARGO 1.0 6V 5L/2022,"35.000,00",
https://www.luisleiloeiro.com.br/leilao/prefeitura-municipal-de-aguas-formosas-18-05-2026-00-25-10/lote_id/4015,Luis Otavio Marcolino Shinkawa,Eloi Mendes,MG,FIAT/ARGO 1.0 6V 5L/2021,"10.000,00",
https://www.luisleiloeiro.com.br/leilao/prefeitura-municipal-de-aguas-formosas-18-05-2026-00-25-10/lote_id/4016,Luis Otavio Marcolino Shinkawa,Eloi Mendes,MG,FIAT/ARGO 1.0 6V 5L/2021,"15.000,00",
https://www.luisleiloeiro.com.br/leilao/prefeitura-municipal-de-aguas-formosas-18-05-2026-00-25-10/lote_id/4017,Luis Otavio Marcolino Shinkawa,Eloi Mendes,MG,FIAT/ARGO 1.0 6V 5L/2021,"10.000,00",
https://www.luisleiloeiro.com.br/leilao/prefeitura-municipal-de-aguas-formosas-18-05-2026-00-25-10/lote_id/4018,Luis Otavio Marcolino Shinkawa,Eloi Mendes,MG,VW/GOL MPI 1.0 12V 5L/2023,"25.000,00",
https://www.luisleiloeiro.com.br/leilao/prefeitura-municipal-de-aguas-formosas-18-05-2026-00-25-10/lote_id/4019,Luis Otavio Marcolino Shinkawa,Eloi Mendes,MG,VW/GOL MPI 1.0 12V 5L/2023,"20.000,00",
https://www.luisleiloeiro.com.br/leilao/prefeitura-municipal-de-aguas-formosas-18-05-2026-00-25-10/lote_id/4020,Luis Otavio Marcolino Shinkawa,Eloi Mendes,MG,VW/NOVO GOL TL MCV 1.0/05L/2017,"15.000,00",
https://www.luisleiloeiro.com.br/leilao/prefeitura-municipal-de-aguas-formosas-18-05-2026-00-25-10/lote_id/4021,Luis Otavio Marcolino Shinkawa,Eloi Mendes,MG,VW/NOVO GOL TL MCV 1.0/05L/2017,"5.000,00",
https://www.luisleiloeiro.com.br/leilao/prefeitura-municipal-de-aguas-formosas-18-05-2026-00-25-10/lote_id/4022,Luis Otavio Marcolino Shinkawa,Eloi Mendes,MG,FIAT/UNO MILLE ECONOMY 1.0/05L/2013,"6.550,00",
https://www.luisleiloeiro.com.br/leilao/prefeitura-municipal-de-aguas-formosas-18-05-2026-00-25-10/lote_id/4023,Luis Otavio Marcolino Shinkawa,Eloi Mendes,MG,FIAT/PALIO WEEKEND ELX 1.4 FIRE 5L/2007,"5.000,00",
https://www.luisleiloeiro.com.br/leilao/prefeitura-municipal-de-aguas-formosas-18-05-2026-00-25-10/lote_id/4024,Luis Otavio Marcolino Shinkawa,Eloi Mendes,MG,FIAT/PALIO FIRE 1.0/05L/2015,"2.000,00",
https://www.luisleiloeiro.com.br/leilao/prefeitura-municipal-de-aguas-formosas-18-05-2026-00-25-10/lote_id/4025,Luis Otavio Marcolino Shinkawa,Eloi Mendes,MG,FIAT/PALIO FIRE 1.0/05L/2016,"2.000,00",
https://www.luisleiloeiro.com.br/leilao/prefeitura-municipal-de-aguas-formosas-18-05-2026-00-25-10/lote_id/4026,Luis Otavio Marcolino Shinkawa,Eloi Mendes,MG,VW/UP TAKE MA 1.0/05L/2015,"2.000,00",
https://www.luisleiloeiro.com.br/leilao/prefeitura-municipal-de-aguas-formosas-18-05-2026-00-25-10/lote_id/4027,Luis Otavio Marcolino Shinkawa,Eloi Mendes,MG,RENAULT/KWID ZEN 10MT 1.0/05L/2019,"3.000,00",
https://www.luisleiloeiro.com.br/leilao/prefeitura-municipal-de-aguas-formosas-18-05-2026-00-25-10/lote_id/4028,Luis Otavio Marcolino Shinkawa,Eloi Mendes,MG,RENAULT/KWID ZEN 10MT 1.0/05L/2019,"3.000,00",
https://www.luisleiloeiro.com.br/leilao/prefeitura-municipal-de-aguas-formosas-18-05-2026-00-25-10/lote_id/4029,Luis Otavio Marcolino Shinkawa,Eloi Mendes,MG,FIAT/DOBLO ESSENCE 1.8/07L/2016,"5.000,00",
https://www.luisleiloeiro.com.br/leilao/prefeitura-municipal-de-aguas-formosas-18-05-2026-00-25-10/lote_id/4030,Luis Otavio Marcolino Shinkawa,Eloi Mendes,MG,RENAULT/MASTER MARIN PASSAGEIRO 2.3 16 L,"50.000,00",
https://www.luisleiloeiro.com.br/leilao/prefeitura-municipal-de-aguas-formosas-18-05-2026-00-25-10/lote_id/4031,Luis Otavio Marcolino Shinkawa,Eloi Mendes,MG,CHEVROLET/MONTANA 1.4 RAYTEC AMB/2019,"20.000,00",
https://www.luisleiloeiro.com.br/leilao/prefeitura-municipal-de-aguas-formosas-18-05-2026-00-25-10/lote_id/4032,Luis Otavio Marcolino Shinkawa,Eloi Mendes,MG,I/FORD TRANSIT RAYTEC AM/2023,"130.000,00",
https://www.luizlobatoleiloeiro.com.br,Luiz Felipe Perpetuo Lobato,Santa Luzia,MG,1º Leilão: 13/07/2026 - Encerramento às 07:00 Lance inicial: confira nos lotes 2º Leilão:,,
https://www.serpaleiloes.com.br/eventos/leilao/218/prefeitura-municipal-de-itaberai-goias,Magnun Luiz Serpa,Joinville,SC,PREFEITURA MUNICIPAL DE ITABERAÍ/GOIÁS,,
https://www.3torresleiloes.com.br/leilao/2563/lotes,Marcos Roberto Torres,Ribeirao Preto,SP,2ª VARA CÍVEL DE ORLÂNDIA/SP Data: 30/06/2026 (terça-feira) Horário: 13:00 --- → NUA PROPR,,
https://www.3torresleiloes.com.br/leilao/2515/lotes,Marcos Roberto Torres,Ribeirao Preto,SP,3ª VARA FEDERAL DE FRANCA/SP Envie sua proposta até: 09/10/2026 às 18:00 --- → APARTAMENTO,,
https://comprei.pgfn.gov.br/anuncio/detalhe/69947,Marcos Roberto Torres,Ribeirao Preto,SP,"PGFN 1º Leilão: 19/06/2026 às 08:00 R$ 6.000.000,00 2º Leilão: 19/07/2026 às 08:00 R$ 4.50","6.000.000,00",
https://comprei.pgfn.gov.br/anuncio/detalhe/48644,Marcos Roberto Torres,Ribeirao Preto,SP,"PGFN 1º Leilão: 21/06/2026 às 08:00 R$ 2.700.000,00 2º Leilão: 21/07/2026 às 08:00 R$ 2.70","2.700.000,00",
https://comprei.pgfn.gov.br/anuncio/detalhe/66114,Marcos Roberto Torres,Ribeirao Preto,SP,"PGFN 1º Leilão: 22/06/2026 às 08:00 R$ 1.248.730,00 2º Leilão: 20/01/2027 às 08:00 R$ 624.","1.248.730,00",
https://comprei.pgfn.gov.br/anuncio/detalhe/67927,Marcos Roberto Torres,Ribeirao Preto,SP,"PGFN 1º Leilão: 26/06/2026 às 08:00 R$ 4.350.000,00 2º Leilão: 04/02/2027 às 08:00 R$ 2.17","4.350.000,00",
https://comprei.pgfn.gov.br/anuncio/detalhe/68559,Marcos Roberto Torres,Ribeirao Preto,SP,"PGFN 1º Leilão: 30/06/2026 às 08:00 R$ 1.465.541,00 2º Leilão: 23/01/2027 às 08:00 R$ 732.","1.465.541,00",
https://comprei.pgfn.gov.br/anuncio/detalhe/69937,Marcos Roberto Torres,Ribeirao Preto,SP,"PGFN 1º Leilão: 30/06/2026 às 08:00 R$ 392.561,98 2º Leilão: 17/07/2026 às 08:00 R$ 196.28","392.561,98",
https://comprei.pgfn.gov.br/anuncio/detalhe/69032,Marcos Roberto Torres,Ribeirao Preto,SP,"PGFN 1º Leilão: 07/07/2026 às 08:00 R$ 6.472.800,00 2º Leilão: 05/08/2026 às 08:00 R$ 3.23","6.472.800,00",
https://www.e-confianca.com.br/eventos/leilao/2205/apartamento-112m-sao-paulo-sp,Marilaine Borges de Paula,Ribeirao Preto,SP,Apartamento 112m² São Paulo SP,,
https://www.e-confianca.com.br,Marilaine Borges de Paula,Ribeirao Preto,SP,Apartamento 112m² São Paulo SP,,
https://www.mjleiloes.com.br/busca-tipo/2/Im%C3%B3veis,Mauricio Jose de Sousa Costa,Sumare,SP,"LOTE TERRENO Nº 04, QUADRA 10 540,00 M² RESIDENCIAL PRIMAVERA","0,00",
https://www.mjleiloes.com.br/lote/851/lote-terreno-n%C2%BA-04-quadra-10-540-00-m-residencial-primavera,Mauricio Jose de Sousa Costa,Sumare,SP,"LOTE TERRENO Nº 04, QUADRA 10 540,00 M² RESIDENCIAL PRIMAVERA","0,00",
https://www.mjleiloes.com.br/categoria/imoveis#,Mauricio Jose de Sousa Costa,Sumare,SP,"LOTE TERRENO Nº 04, QUADRA 10 540,00 M² RESIDENCIAL PRIMAVERA","0,00",
https://www.mjleiloes.com.br/lote/852/lote-terreno-n%C2%BA-04-da-quadra-10540-00-m-residencial-primavera,Mauricio Jose de Sousa Costa,Sumare,SP,"LOTE TERRENO Nº 04, DA QUADRA 10540,00 M² RESIDENCIAL PRIMAVERA","0,00",
https://www.mjleiloes.com.br/lote/854/lote-terreno-n%C2%BA-14f-quadra-n%C2%BA-107a-369-90-m-residencial-primavera,Mauricio Jose de Sousa Costa,Sumare,SP,"LOTE TERRENO Nº 14F QUADRA Nº 107A 369,90 M² RESIDENCIAL PRIMAVERA","0,00",
https://www.mjleiloes.com.br/lote/855/lote-terreno-n%C2%BA-14e-quadra-n%C2%BA-107a-369-90-m-residencial-primavera,Mauricio Jose de Sousa Costa,Sumare,SP,"LOTE TERRENO Nº 14E QUADRA Nº 107A 369,90 M² RESIDENCIAL PRIMAVERA","0,00",
https://www.mjleiloes.com.br/lote/856/lote-terreno-n%C2%BA-14d-quadra-n%C2%BA-107a-370-98-m-residencial-primavera,Mauricio Jose de Sousa Costa,Sumare,SP,"LOTE TERRENO Nº 14D QUADRA Nº 107A 370,98 M² RESIDENCIAL PRIMAVERA","0,00",
https://www.mjleiloes.com.br/lote/857/lote-terreno-n%C2%BA-14c-quadra-n%C2%BA-107a-369-90-m-residencial-primavera,Mauricio Jose de Sousa Costa,Sumare,SP,"LOTE TERRENO Nº 14C QUADRA Nº 107A 369,90 M² RESIDENCIAL PRIMAVERA","0,00",
https://www.mjleiloes.com.br/lote/858/lote-terreno-n%C2%BA-14b-quadra-n%C2%BA-107a-369-90-m-residencial-primavera,Mauricio Jose de Sousa Costa,Sumare,SP,"LOTE TERRENO Nº 14B QUADRA Nº  107A 369,90 M² RESIDENCIAL PRIMAVERA","0,00",
https://www.mjleiloes.com.br/lote/859/lote-terreno-n%C2%BA-14a-quadra-n%C2%BA-107a-370-98-m-residencial-primavera,Mauricio Jose de Sousa Costa,Sumare,SP,"LOTE TERRENO Nº 14A QUADRA Nº 107A 370,98 M² RESIDENCIAL PRIMAVERA","0,00",
https://www.mjleiloes.com.br/lote/860/lote-terreno-n%C2%BA-04c-quadra-n%C2%BA-107a-301-28-m-de-formato-irregular-residencial-primavera,Mauricio Jose de Sousa Costa,Sumare,SP,"LOTE TERRENO Nº 04C QUADRA Nº 107A 301,28 M² DE FORMATO IRREGULAR RESIDENCIAL PRIMAVERA","0,00",
https://www.mjleiloes.com.br/lote/861/lote-terreno-n%C2%BA-04b-quadra-n%C2%BA-107a-302-00-m-residencial-primavera,Mauricio Jose de Sousa Costa,Sumare,SP,"LOTE TERRENO Nº 04B QUADRA Nº 107A 302,00 M² RESIDENCIAL PRIMAVERA","0,00",
https://www.mjleiloes.com.br/lote/862/lote-terreno-n%C2%BA-04a-quadra-n%C2%BA-107a-301-28-m-residencial-primavera,Mauricio Jose de Sousa Costa,Sumare,SP,"LOTE TERRENO Nº 04A QUADRA Nº 107A 301,28 M² RESIDENCIAL PRIMAVERA","0,00",
https://www.mjleiloes.com.br/lote/863/lote-terreno-numero-20b-quadra-75a-848-75-m-residencial-primavera,Mauricio Jose de Sousa Costa,Sumare,SP,"LOTE TERRENO NÚMERO 20B QUADRA 75A 848,75 M² RESIDENCIAL PRIMAVERA","0,00",
https://www.mjleiloes.com.br/lote/864/lote-terreno-numero-20b-quadra-75a-848-75-m-residencial-primavera,Mauricio Jose de Sousa Costa,Sumare,SP,"LOTE TERRENO NÚMERO 20B QUADRA 75A 848,75 M² RESIDENCIAL PRIMAVERA","0,00",
https://www.mjleiloes.com.br/lote/865/lote-terreno-numero-20a-quadra-75a-848-75m-residencial-primavera,Mauricio Jose de Sousa Costa,Sumare,SP,"LOTE TERRENO NÚMERO 20A QUADRA 75A 848,75M² RESIDENCIAL PRIMAVERA","0,00",
https://www.mjleiloes.com.br/lote/866/lote-terreno-numero-20a-quadra-75a-848-75m-residencial-primavera,Mauricio Jose de Sousa Costa,Sumare,SP,"LOTE TERRENO NÚMERO 20A QUADRA 75A 848,75M² RESIDENCIAL PRIMAVERA","0,00",
https://www.mjleiloes.com.br/lote/867/lote-terreno-numero-19b-quadra-75a-848-75-m-residencial-primavera,Mauricio Jose de Sousa Costa,Sumare,SP,"LOTE TERRENO NÚMERO 19B QUADRA 75A 848,75 M² RESIDENCIAL PRIMAVERA","0,00",
https://www.mjleiloes.com.br/lote/868/lote-terreno-numero-19a-quadra-75a-848-75-m-residencial-primavera,Mauricio Jose de Sousa Costa,Sumare,SP,"LOTE TERRENO NÚMERO 19A QUADRA 75A 848,75 M² RESIDENCIAL PRIMAVERA","0,00",
https://www.mjleiloes.com.br/lote/869/lote-terreno-numero-18-quadra-75a-848-75-m-residencial-primavera,Mauricio Jose de Sousa Costa,Sumare,SP,"LOTE TERRENO NÚMERO 18 QUADRA 75A 848,75 M² RESIDENCIAL PRIMAVERA","0,00",
https://www.mjleiloes.com.br/lote/870/lote-terreno-numero-16b-quadra-75a-824-35-m-residencial-primavera,Mauricio Jose de Sousa Costa,Sumare,SP,"LOTE TERRENO NÚMERO 16B QUADRA 75A 824,35 M² RESIDENCIAL PRIMAVERA","0,00",
https://www.mjleiloes.com.br/lote/871/lote-terreno-numero-16a-quadra-75a-848-75-m-residencial-primavera,Mauricio Jose de Sousa Costa,Sumare,SP,"LOTE TERRENO NÚMERO 16A QUADRA 75A 848,75 M² RESIDENCIAL PRIMAVERA","0,00",
https://www.mjleiloes.com.br/lote/872/lote-terreno-numero-15b-quadra-75a-848-75-m-residencial-primavera,Mauricio Jose de Sousa Costa,Sumare,SP,"LOTE TERRENO NÚMERO 15B QUADRA 75A 848,75 M² RESIDENCIAL PRIMAVERA","0,00",
https://www.mjleiloes.com.br/lote/873/lote-terreno-numero-15a-quadra-75a-848-75-m-residencial-primavera,Mauricio Jose de Sousa Costa,Sumare,SP,"LOTE TERRENO NÚMERO 15A QUADRA 75A 848,75 M² RESIDENCIAL PRIMAVERA","0,00",
https://www.mjleiloes.com.br/lote/874/lote-terreno-numero-14b-quadra-75a-848-75-m-residencial-primavera,Mauricio Jose de Sousa Costa,Sumare,SP,"LOTE TERRENO NÚMERO 14B QUADRA 75A 848,75 M² RESIDENCIAL PRIMAVERA","0,00",
https://www.mjleiloes.com.br/lote/875/lote-terreno-numero-14a-quadra-75a-848-75-m-residencial-primavera,Mauricio Jose de Sousa Costa,Sumare,SP,"LOTE TERRENO NÚMERO 14A QUADRA 75A 848,75 M² RESIDENCIAL PRIMAVERA","0,00",
https://www.mjleiloes.com.br/lote/876/lote-terreno-numero-13b-quadra-75a-877-69-m-residencial-primavera,Mauricio Jose de Sousa Costa,Sumare,SP,"LOTE TERRENO NÚMERO 13B QUADRA 75A 877,69 M² RESIDENCIAL PRIMAVERA","0,00",
https://www.mjleiloes.com.br/lote/877/lote-terreno-numero-13a-quadra-75a-840-00-m-residencial-primavera,Mauricio Jose de Sousa Costa,Sumare,SP,"LOTE TERRENO NÚMERO 13A QUADRA 75A 840,00 M² RESIDENCIAL PRIMAVERA","0,00",
https://www.mjleiloes.com.br/lote/879/lote-terreno-numero-12b-quadra-75a-840-00-m-residencial-de-primavera,Mauricio Jose de Sousa Costa,Sumare,SP,"LOTE TERRENO NÚMERO 12B QUADRA 75A 840,00 M² RESIDENCIAL DE PRIMAVERA","0,00",
https://www.mjleiloes.com.br/lote/880/lote-terreno-numero-12-quadra-75a-840-00%C2%BAm-residencial-primavera,Mauricio Jose de Sousa Costa,Sumare,SP,"LOTE TERRENO NÚMERO 12 QUADRA 75A 840,00ºM RESIDENCIAL PRIMAVERA","0,00",
https://www.mjleiloes.com.br/lote/891/lote-de-terreno-n%C2%BA-12-quadra-3-com-360-00-m-bairro-jardim-estoril-em-marilia-sp,Mauricio Jose de Sousa Costa,Sumare,SP,"LOTE DE TERRENO Nº 12, QUADRA 3, COM 360,00 M² BAIRRO JARDIM ESTORIL, EM MARÍLIA-SP.","0,00",
https://www.mjleiloes.com.br/lote/890/lote-de-terreno-n%C2%BA-13-quadra-3-360-m-bairro-jardim-estoril-em-marilia-sp,Mauricio Jose de Sousa Costa,Sumare,SP,"LOTE DE TERRENO Nº 13, QUADRA 3, 360 M² BAIRRO JARDIM ESTORIL, EM MARÍLIA-SP.","0,00",
https://www.mjleiloes.com.br/lote/889/lote-de-terreno-n%C2%BA-06a-quadra-109-546-70-m-residencial-primavera-rosana-sp,Mauricio Jose de Sousa Costa,Sumare,SP,"LOTE DE TERRENO Nº 06A, QUADRA 109. 546,70 m² RESIDENCIAL PRIMAVERA - ROSANA SP","0,00",
https://www.mjleiloes.com.br/lote/888/lote-terreno-n%C2%BA-04-574-20m-quadra-54a-residencial-primavera,Mauricio Jose de Sousa Costa,Sumare,SP,"LOTE TERRENO Nº 04, 574,20M² QUADRA 54A RESIDENCIAL PRIMAVERA","0,00",
https://www.mjleiloes.com.br/lote/887/lote-terreno-n%C2%BA-09b-quadra-54c-734-62-m-residencial-primavera,Mauricio Jose de Sousa Costa,Sumare,SP,"LOTE TERRENO Nº 09B, QUADRA 54C 734,62 M² RESIDENCIAL PRIMAVERA","0,00",
https://www.mjleiloes.com.br/lote/886/lote-terreno-n%C2%BA-33b-quadra-62b-242-18-m-residencial-primavera,Mauricio Jose de Sousa Costa,Sumare,SP,"LOTE TERRENO Nº 33B QUADRA 62B 242,18 M² RESIDENCIAL PRIMAVERA","0,00",
https://www.mjleiloes.com.br/lote/885/lote-terreno-n%C2%BA-33c-quadra-62b-242-18-m-residencial-primavera,Mauricio Jose de Sousa Costa,Sumare,SP,"LOTE TERRENO Nº 33C QUADRA 62B 242,18 M² RESIDENCIAL PRIMAVERA","0,00",
https://www.mjleiloes.com.br/lote/884/lote-terreno-sob-n%C2%BA-04-quadra-75a-714-04-m-residencial-primavera,Mauricio Jose de Sousa Costa,Sumare,SP,"LOTE TERRENO SOB Nº 04  QUADRA 75A 714,04 M² RESIDENCIAL PRIMAVERA","0,00",
https://www.mjleiloes.com.br/lote/883/lote-terreno-numero-08-quadra-75a-840-00-m-residencial-primavera,Mauricio Jose de Sousa Costa,Sumare,SP,"LOTE TERRENO NÚMERO 08 QUADRA 75A 840,00 M² RESIDENCIAL PRIMAVERA","0,00",
https://www.mjleiloes.com.br/lote/882/lote-terreno-n-09-quadra-75a-840-00-m-residencuial-primavera,Mauricio Jose de Sousa Costa,Sumare,SP,"LOTE TERRENO N 09 QUADRA 75A 840,00 M² RESIDENCUIAL PRIMAVERA","0,00",
https://www.mjleiloes.com.br/lote/881/lote-terreno-numero-10-quadra-75a-840-00-m-residencial-primavera,Mauricio Jose de Sousa Costa,Sumare,SP,"LOTE TERRENO NÚMERO 10 QUADRA 75A 840,00 M² RESIDENCIAL PRIMAVERA","0,00",
https://www.mjleiloes.com.br/lote/850/lote-terreno-lote-11-quadra-75a-845-02-m-residencial-primavera,Mauricio Jose de Sousa Costa,Sumare,SP,"LOTE TERRENO LOTE 11, QUADRA 75A 845,02 M² RESIDENCIAL PRIMAVERA","0,00",
https://www.mjleiloes.com.br/lote/878/lote-terreno-numero-12b-quadra-75a-840-00m%C2%BA-residencial-primavefra,Mauricio Jose de Sousa Costa,Sumare,SP,"LOTE TERRENO NÚMERO 12B QUADRA 75A 840,00Mº RESIDENCIAL PRIMAVEFRA","0,00",
https://www.oaleiloes.com.br/leilao/304,Orlando Araujo dos Santos,Brasilia,DF,"TJDFT - LOTE 39 DA QUADRA 48 CONJUNTO B SITUADO NO PARQUE DA BARRAGEM, COM 558M² ÁGUAS LIN","225.550,00",
https://www.oaleiloes.com.br,Orlando Araujo dos Santos,Brasilia,DF,"TJDFT - LOTE 39 DA QUADRA 48 CONJUNTO B SITUADO NO PARQUE DA BARRAGEM, COM 558M² ÁGUAS LIN","225.550,00",
https://www.oaleiloes.com.br/leilao/257,Orlando Araujo dos Santos,Brasilia,DF,TJDFT - SUBLOJA 107 BLOCO B DA SCLN 203 BLOCO B COM 665M² PRIVATIVOS BRASÍLIA/DF Leilão: 2,"1.028.462,51",
https://www.oaleiloes.com.br/leilao/371,Orlando Araujo dos Santos,Brasilia,DF,"TJDFT - DIREITOS AQUISITIVOS DO LOTE Nº19, CONJ Nº1, QD Nº11, TRECHO 3, SETOR HABITACIONAL","650.000,00",
https://www.oaleiloes.com.br/leilao/369,Orlando Araujo dos Santos,Brasilia,DF,"TJDFT - LOTE 03 DA QUADRA 01 DO LOT RES E COMERCIAL DAMHA I, COM 434,25M2 CIDADE OCIDENTAL","136.000,00",
https://www.oaleiloes.com.br/leilao/372,Orlando Araujo dos Santos,Brasilia,DF,"TJDFT - DIREITOS POSSESSORIOS IMÓVEL LOCALIZADO NO COND RURAL SOLAR DA SERRA, QD L LT 08,","213.000,00",
https://www.oaleiloes.com.br/leilao/373,Orlando Araujo dos Santos,Brasilia,DF,TRT 10 - LOTES NA QUADRA 02 DO SETOR DE ARMAZENAGENS E ABASTECIMENTO (SAAN) BRASÍLIA/DF Le,,
https://www.oaleiloes.com.br/leilao/321,Orlando Araujo dos Santos,Brasilia,DF,SICOOB EXECUTIVO - LOTE Nº 16 DO CONJ 03 DA QUADRA B1 TRECHO 02 - SETOR HABITACIONAL TOROR,"375.000,00",
https://www.oaleiloes.com.br/leilao/324,Orlando Araujo dos Santos,Brasilia,DF,"SICOOB EXECUTIVO - SALA Nº 505 NO SBS QUADRA 02, BL Q - ED. JOAO CARLOS SAAD BRASILIA/DF L","210.000,00",
https://www.oaleiloes.com.br/leilao/317,Orlando Araujo dos Santos,Brasilia,DF,"SICOOB EXECUTIVO - SALAS NO BLOCO A DA QD 01, SAAN - ED SAA CENTER BRASÍLIA-DF Leilão: 317",,
https://www.oaleiloes.com.br/leilao/319,Orlando Araujo dos Santos,Brasilia,DF,"SICOOB EXECUTIVO - SALA Nº 105 NO BLOCO A DA QD 01, SAAN - ED SAA CENTER BRASÍLIA-DF Leilã","301.300,00",
https://www.agostinholeiloes.com.br/leilao/4627/lotes,Paulo Cesar Agostinho,Belo Horizonte,MG,"IMÓVEL RURAL COM ÁREA DE 32,51 HA, RIO CASCA/MG. 1º Leilão: 23/06/2026 às 10:00 Lance Inic","1.091.981,09",
https://www.agostinholeiloes.com.br/leilao/4621/lotes,Paulo Cesar Agostinho,Belo Horizonte,MG,"LOTE COM 2,0018ha DE TERRAS NA FAZENDA VARGEM GRANDE EM SÃO JOAQUIM DE BICAS/MG 1º Leilão:","1.600.000,00",
https://www.agostinholeiloes.com.br/item/14582/detalhes,Paulo Cesar Agostinho,Belo Horizonte,MG,GALPÃO EM MOSSORÓ-RN Data: 20/07/2026 (segunda-feira) Primeiro lote a partir das: 14:00 OP,,
https://www.agostinholeiloes.com.br/leilao/4564/lotes,Paulo Cesar Agostinho,Belo Horizonte,MG,TERRENO COM 300 m² EM GOVERNADOR VALADARES - MG Data: 20/07/2026 (segunda-feira) Primeiro,,
https://www.ileiloes.com.br/leilao/leilao-motores-e-veiculos-20-05-2026-20-03-18/lotes/lista,Rosimeire das Dores Garcia de Castro,Ibirite,MG,LEILÃO MOTORES E VEÍCULOS,,
https://www.ileiloes.com.br/leilao/leilao-motores-e-veiculos-20-05-2026-20-03-18/lote_id/4,Rosimeire das Dores Garcia de Castro,Ibirite,MG,MOTOR FIAT PALIO/TIPO - ARGENTINO - BAIXADO,"200,00",
https://www.ileiloes.com.br/leilao/leilao-motores-e-veiculos-20-05-2026-20-03-18/lote_id/6,Rosimeire das Dores Garcia de Castro,Ibirite,MG,MOTOR FORD CHT - BAIXADO,"100,00",
https://www.ileiloes.com.br/leilao/leilao-motores-e-veiculos-20-05-2026-20-03-18/lote_id/7,Rosimeire das Dores Garcia de Castro,Ibirite,MG,MOTOR AP1600 - BAIXADO,"200,00",
https://www.ileiloes.com.br/leilao/leilao-motores-e-veiculos-20-05-2026-20-03-18/lote_id/8,Rosimeire das Dores Garcia de Castro,Ibirite,MG,MOTOR FORD CHT - BAIXADO,"300,00",
https://www.ileiloes.com.br/leilao/leilao-motores-e-veiculos-20-05-2026-20-03-18/lote_id/9,Rosimeire das Dores Garcia de Castro,Ibirite,MG,MOTOR FIAT PALIO/TIPO - ARGENTINO - BAIXADO,"200,00",
https://www.ileiloes.com.br/leilao/leilao-motores-e-veiculos-20-05-2026-20-03-18/lote_id/11,Rosimeire das Dores Garcia de Castro,Ibirite,MG,FIAT BRAVA SX 1.6 ANO 2001 MODELO 2002 - COMPLETO,"500,00",
https://www.sandrasantosleiloes.com.br/eventos/leilao/418/trt3-moto-cg-150-titan-esd-ano-2013-2013/lote,Sandra de Fatima Santos,Visconde do Rio Branco,MG,"TRT3 - MOTO CG 150 Titan ESD, ANO 2013/2013",,
https://www.bhleiloaria.com.br/veiculos-e-equipamentos-34940,Sergio Sousa Rodrigues,Belo Horizonte,MG,74Lotes,,
https://www.bhleiloaria.com.br/leilao-de-maquinas-e-veiculos-pesados-35441,Sergio Sousa Rodrigues,Belo Horizonte,MG,3Lotes,,
https://www.bhleiloaria.com.br/imoveis-emgea-no-rj-e-sp-34870,Sergio Sousa Rodrigues,Belo Horizonte,MG,7Lotes,,
https://www.bhleiloaria.com.br/maquinas-pesadas-caminhoes-empilhadeiras-vale-30796,Sergio Sousa Rodrigues,Belo Horizonte,MG,11Lotes,,
https://www.bhleiloaria.com.br/imoveis/casa/casa-area-1-152-m-guaruja-122196,Sergio Sousa Rodrigues,Belo Horizonte,MG,Venda de Imóvel por Iniciativa Particular ID: 35351 imóveis.io CASA - ÁREA 1.152 M² - GUAR,,
https://www.leiloesjudiciaismg.com.br/lote/37807/134252,Thais Costa Bastos Teixeira,Pocos de Caldas,MG,LEILÃO DA JUSTIÇA ESTADUAL DE ITABUNA/BA - 3ª V DOS FEITOS DE REL. DE CONS. CÍVEIS COMERCIAIS E ACID. TRAB.,"6.026,00",
https://www.leiloesjudiciaismg.com.br,Thais Costa Bastos Teixeira,Pocos de Caldas,MG,LEILÃO DA JUSTIÇA ESTADUAL DE ITABUNA/BA - 3ª V DOS FEITOS DE REL. DE CONS. CÍVEIS COMERCIAIS E ACID. TRAB.,"6.026,00",
https://www.leiloesjudiciaismg.com.br/lote/94092/199213,Thais Costa Bastos Teixeira,Pocos de Caldas,MG,"LEILÃO EXTRAJUDICIAL - GALPÃO FABRIL - TERRENO COM 2.111,80M² LOCALIZADO NA ZONA INDUSTRIAL DE IGARASSU/PE","1.800.000,00",
https://www.leiloesjudiciaismg.com.br/leilao/94241,Thais Costa Bastos Teixeira,Pocos de Caldas,MG,LEILÃO DA JUSTIÇA FEDERAL DE NATAL/RN - 5ª VARA,,
https://www.tmleiloes.com.br/leilao/1948/lotes,Thais Silva Moreira de Sousa,Sao Paulo,SP,LOTE DE MEDICAMENTOS DIVERSOS 1º Leilão: 16/06/2026 às 14:00 R$ Vide Lotes 2º Leilão: 30/0,,
https://www.tmleiloes.com.br/leilao/1939/lotes,Thais Silva Moreira de Sousa,Sao Paulo,SP,"1 - IMÓVEL - TERRENO - A.T.  253,00m² - MATOZINHOS/MG 1º Leilão: 07/07/2026 às 14:00 Lance","65.788,43",
https://www.tmleiloes.com.br/leilao/1938/lotes,Thais Silva Moreira de Sousa,Sao Paulo,SP,1 - IMÓVEL - TERRENO - NOVA LIMA/ MG 1º Leilão: 08/07/2026 às 14:00 Lance Inicial: R$ 157.,"157.759,09",
https://www.tmleiloes.com.br/leilao/1951/lotes,Thais Silva Moreira de Sousa,Sao Paulo,SP,"1 - IMÓVEL - A.T. 360,00m² - CEL. FABRICIANO/ MG 1º Leilão: 13/07/2026 às 14:00 Lance Inic","983.752,08",
https://www.tmleiloes.com.br/leilao/1925/lotes,Thais Silva Moreira de Sousa,Sao Paulo,SP,IMÓVEL - TERRENO - A.T. 115.853m² - SALTO - SÃO PAULO 1º Leilão: 03/08/2026 às 14:00 Lance,"37.779.070,33",
