leiloeiro,junta,site,titulo,cidade,uf,preco,data_leilao,imagem,anexos,url,descricao
Daniel Elias Garcia,NACIONAL,https://www.danielgarcialeiloes.com.br,Terreno,Brusque,SC,"323.150,00",15/06/2026,https://24e53253961aecf7.cdn.gocache.net/watermark/bens/0000081203/img-81203-69e21abe82c73.jpg,,https://www.danielgarcialeiloes.com.br/item/75731/detalhes,"Terreno Cidade: Brusque/SC Descrição: 01 (um) terreno, situado no final da Rua Ponta Russa, no lugar Ponta Russa, em Brusque/SC, com área de 60.000,00m², sem benfeitorias, e as seguintes confrontações: frentes com 60,00m com o Ribeirão; fundos com 60,00m com terras de herdeiros Minela; do lado direito com 1.000,00m com terras de herdeiros Hercílio Ricardo e do lado esquerdo com 1.000,00m com terras de João Sbardelatti, matriculado sob o n. 13.109 no Ofício de Registro de Imóveis de Brusque/SC. O"
Daniel Elias Garcia,NACIONAL,https://www.danielgarcialeiloes.com.br,Imóvel,Joinville,SC,"6.700.000,00",22/06/2026,https://24e53253961aecf7.cdn.gocache.net/watermark/bens/0000081665/img-81665-69f0bd4eaf288.jpg,,https://www.danielgarcialeiloes.com.br/item/76149/detalhes,"Imóvel Cidade: Joinville/SC Descrição: 01 (um) terreno, situado Rua Parati, 352, Bairro Nova Brasília, em Joinville/SC, com área de 43.500,00m², fazendo frente para a estrada Parati, com 60,00m, tendo de fundos em ambos os lados 725,00m, limitando-se em um dos lados com terras de Osvaldo Siedschlag e Carlos Pahl e do outro lado com terras de Ronaldo Freudenburg e Dionizio Cunha, fazendo o travessão dos fundos com 60,00m, com mais terras de Carlos Pahl, matriculado sob o n. 17.965 no 2º Ofício de"
Daniel Elias Garcia,NACIONAL,https://www.danielgarcialeiloes.com.br,Terreno,Rolante,RS,"235.000,00",22/06/2026,https://24e53253961aecf7.cdn.gocache.net/watermark/bens/0000081666/img-81666-69f0c7cfe25c8.jpg,,https://www.danielgarcialeiloes.com.br/item/76150/detalhes,"Terreno Cidade: Rolante/RS Descrição: 01 (um) terreno de cultura, sito na localidade denominada Boa Esperança, no distrito de Boa Esperança, em Rolante/RS, com a área superficial de 34.960,00m², confrontando ao norte e ao oeste, com terras de Amália Carraro; ao sul, com terras de Abílio Valandro; ao leste, com terras de João Longo, por um arroio, cadastrado no INCRA sob o n. 8520900033101, matriculado sob o n. 3.897 no Ofício de Registro de Imóveis de Rolante/RS. Ônus: indisponibilidade do imóve"
Daniel Elias Garcia,NACIONAL,https://www.danielgarcialeiloes.com.br,Terreno,Jaguaruna,SC,"46.110,00",22/06/2026,https://24e53253961aecf7.cdn.gocache.net/watermark/bens/0000081698/img-81698-69f1f7037e951.jpg,,https://www.danielgarcialeiloes.com.br/item/76173/detalhes,"Terreno Cidade: Jaguaruna/SC Descrição: 01 (um) terreno urbano, correspondente ao lote n. 13, da quadra n. 42, do Loteamento Balneário Dunas do Sul, situado a Rua Cardeal, em Jaguaruna/SC, com área de 300,00m², medindo 12,00m de frente por 25,00m da frente aos fundos, e as seguintes confrontações: Frente ao Oeste com a Rua Cardeal; Fundos ao Leste com o lote n. 06; Extremando de um lado ao Norte com o lote n. 12 e do outro lado ao Sul com o lote n. 14, matriculado sob o n. 6.169 no Ofício de Reg"
Daniel Elias Garcia,NACIONAL,https://www.danielgarcialeiloes.com.br,Imóvel,Criciúma,SC,"214.000,00",22/06/2026,https://24e53253961aecf7.cdn.gocache.net/watermark/bens/0000081830/img-81830-69f382b3c4e45.jpg,,https://www.danielgarcialeiloes.com.br/item/76303/detalhes,"Imóvel Cidade: Criciúma/SC Descrição: 01 (um) terreno, correspondente ao lote n. 01, da quadra n. 17, situado a Rua Juvêncio Joaquim Urbano, 183, Vila Francesa, em Criciúma/SC, com área de 459,00m², e as seguintes medidas e confrontações: Frente ao Norte, na extensão de 19,00m, limita-se com a Rua n. 11; fundos, ao Sul, na extensão de 11,60m, limita-se com Rodolfo Tavares; lado direito a Oeste, na extensão de 30,80m, limita-se com a Rua n. 03; lado esquerdo a Leste, na extensão de 30,00m, limita"
Daniel Elias Garcia,NACIONAL,https://www.danielgarcialeiloes.com.br,Apartamento,Criciúma,SC,"226.210,00",22/06/2026,https://24e53253961aecf7.cdn.gocache.net/watermark/bens/0000081831/img-81831-69f38305931ee.jpg,,https://www.danielgarcialeiloes.com.br/item/76304/detalhes,"Apartamento Cidade: Criciúma/SC Descrição: 01 (um) apartamento, n. 203D, localizado no 2º pavimento, do Bloco D, do Condomínio Residencial Ouro Preto, situado a Rua Francisco Budny esquina com a Rua 1482 e Rua 1483, bairro Vila Rica, em Criciúma/SC, com área privativa de 51,480m², área de uso comum de 14,2195m², área de uso comum de 14,2195m², área total construída de 65,6995m², e fração ideal no terreno de 1,658% equivalente a 50,1340m² do terreno, matriculado sob o n. 100.047 no 1º Ofício de R"
Daniel Elias Garcia,NACIONAL,https://www.danielgarcialeiloes.com.br,Imóvel,Criciúma,SC,"224.200,00",22/06/2026,https://www.danielgarcialeiloes.com.br/site/images/sem-imagem-lote.jpg?modified=20240531,,https://www.danielgarcialeiloes.com.br/item/76305/detalhes,"Imóvel Cidade: Criciúma/SC Descrição: 01 (um) terreno, correspondente ao lote n. 57, da quadra C, do Loteamento Severino Rosso, situado a Rua Clemente Rosso, 73, bairro Quarta Linha, em Criciúma/SC, com área de 382,01m², e as seguintes medidas e confrontações: Norte, 15,57m com Rua Sem Denominação; Sul, 14,98m com Ronaldo da Rossa Rosso; Leste, 25,00m da Ronaldo da Rossa Rosso; e Oeste, 24,43m com Jéssica Stuzinski Zanette, com o seguinte perímetro: partindo-se do vértice 1 com coordenadas X=659"
Daniel Elias Garcia,NACIONAL,https://www.danielgarcialeiloes.com.br,Terreno,Monte Castelo,SP,"165.400,00",29/06/2026,https://www.danielgarcialeiloes.com.br/site/images/sem-imagem-lote.jpg?modified=20240531,,https://www.danielgarcialeiloes.com.br/item/76424/detalhes,"Terreno Cidade: Monte Castelo/SP Descrição: 01 (um) terreno, correspondente o lote n. I-1, da quadra n. 26, situado a Rua Getúlio Vargas, em Monte Castelo/SP, comarca de Tupi Paulista, com área de 256,00m², e as seguintes confrontações: medindo 16,00m de frente para a Rua Getúlio Vargas; Lado esquerdo, confronta com a Rua Antônia Ucles Bernardi, por 16,00m; Lado direito, confronta com o lote H, por 16,00m; e, Fundos, confronta com o seu remanescente Lote I-2, por 16,00m, matriculado sob o n. 24."
Daniel Elias Garcia,NACIONAL,https://www.danielgarcialeiloes.com.br,Fração de Imóvel,Olímpia,SP,"159.257,22",15/06/2026,https://24e53253961aecf7.cdn.gocache.net/watermark/bens/0000082061/img-82061-69fca5bcafdf7.jpg,,https://www.danielgarcialeiloes.com.br/item/76434/detalhes,"Fração de Imóvel Cidade: Olímpia/SP Descrição: uma fração ideal correspondente a 1/13 (um treze) avos do apartamento comercial, com características hoteleiras, sob o n. 1605, localizado no 18º pavimento (16º andar), da Torre B, do Condomínio Olímpia Park Resort, designada cota 11 (onze), que tem sua frente para a Avenida Aurora Forti Neves, 1030, no Jardim Santa Efigênia, em Olímpia/SP, com área privativa de 87,5200m², área comum de 53,7252m², e área total de 141,2452m² de área construída, e sua"
Daniel Elias Garcia,NACIONAL,https://www.danielgarcialeiloes.com.br,Terreno,Lagoa Santa,MG,"787.675,00",10/06/2026,https://24e53253961aecf7.cdn.gocache.net/watermark/bens/0000082294/img-82294-6a0782452437b.jpg,,https://www.danielgarcialeiloes.com.br/item/76538/detalhes,"Terreno Cidade: Lagoa Santa/MG Descrição: 01 (UM) TERRENO, CORRESPONDENTE AO LOTE N. 03, DA QUADRA ""C"", SITUADO A RUA ALDO BAGGIO, NO DISTRITO INDUSTRIAL GENESCO APARECIDO DE OLIVEIRA, EM LAGOA SANTA/MG, COM A ÁREA DE 2.500,00m², CONFRONTANDO E DIVIDINDO: PELA FRENTE, NA EXTENSÃO DE 35,36M, COM A RUA TRÊS; PELA DIREITA, NA EXTENSÃO DE 70,71M, COM O LOTE N. 03-A; PELA ESQUERDA, NA EXTENSÃO DE 70,71M, COM O LOTE N. 02; E, PELOS FUNDOS, NA EXTENSÃO DE 35,36M, COM O LOTE N. 11, MATRICULADO SOB O N. "
Daniel Elias Garcia,NACIONAL,https://www.danielgarcialeiloes.com.br,Terreno,Lagoa Santa,MG,"787.675,00",10/06/2026,https://24e53253961aecf7.cdn.gocache.net/watermark/bens/0000082295/img-82295-6a07824b75874.jpg,,https://www.danielgarcialeiloes.com.br/item/76539/detalhes,"Terreno Cidade: Lagoa Santa/MG Descrição: 01 (UM) TERRENO, CORRESPONDENTE AO LOTE N. 03 A, DA QUADRA ""C"", SITUADO A RUA ALDO BAGGIO, NO DISTRITO INDUSTRIAL GENESCO APARECIDO DE OLIVEIRA, EM LAGOA SANTA/MG, COM A ÁREA DE 2.500,00m², CONFRONTANDO E DIVIDINDO: PELA FRENTE, NA EXTENSÃO DE 35,36M, COM A RUA TRÊS; PELA DIREITA, NA EXTENSÃO DE 70,71M, COM O LOTE N. 04; PELA ESQUERDA, NA EXTENSÃO DE 70,71M, COM O LOTE N. 03; E, PELOS FUNDOS, NA EXTENSÃO DE 35,36M, COM O LOTE N. 12, MATRICULADO SOB O N. "
Daniel Elias Garcia,NACIONAL,https://www.danielgarcialeiloes.com.br,Terreno,Lagoa Santa,MG,"797.127,10",10/06/2026,https://24e53253961aecf7.cdn.gocache.net/watermark/bens/0000082296/img-82296-6a078253f1573.jpg,,https://www.danielgarcialeiloes.com.br/item/76540/detalhes,"Terreno Cidade: Lagoa Santa/MG Descrição: 01 (UM) TERRENO, CORRESPONDENTE AO LOTE N. 04, DA QUADRA ""C"", SITUADO A RUA ALDO BAGGIO, NO DISTRITO INDUSTRIAL GENESCO APARECIDO DE OLIVEIRA, EM LAGOA SANTA/MG, COM A ÁREA DE 2.530,00m², CONFRONTANDO E DIVIDINDO: PELA FRENTE, NA EXTENSÃO DE 35,79M, COM A RUA TRÊS; PELA DIREITA, NA EXTENSÃO DE 70,71M, COM O LOTE N. 04-A; PELA ESQUERDA, NA EXTENSÃO DE 70,71M, COM O LOTE N. 03-A; E, PELOS FUNDOS, NA EXTENSÃO DE 35,79M, COM O LOTE N. 13, MATRICULADO SOB O N"
Daniel Elias Garcia,NACIONAL,https://www.danielgarcialeiloes.com.br,Terreno,Lagoa Santa,MG,"787.675,00",10/06/2026,https://24e53253961aecf7.cdn.gocache.net/watermark/bens/0000082297/img-82297-6a078259edc6a.jpg,,https://www.danielgarcialeiloes.com.br/item/76541/detalhes,"Terreno Cidade: Lagoa Santa/MG Descrição: 01 (UM) TERRENO, CORRESPONDENTE AO LOTE N. 04 A, DA QUADRA ""C"", SITUADO A RUA ALDO BAGGIO, NO DISTRITO INDUSTRIAL GENESCO APARECIDO DE OLIVEIRA, EM LAGOA SANTA/MG, COM A ÁREA DE 2.500,00m², CONFRONTANDO E DIVIDINDO: PELA FRENTE, NA EXTENSÃO DE 26,71M, COM A RUA TRÊS; PELA DIREITA, NA EXTENSÃO DE 70,71M, COM A RUA SEIS; PELA ESQUERDA, NA EXTENSÃO DE 70,71M, COM O LOTE N. 04; E, PELOS FUNDOS, NA EXTENSÃO DE 8,66M + 35,36M, COM O LOTE N. 14, MATRICULADO SOB"
Daniel Elias Garcia,NACIONAL,https://www.danielgarcialeiloes.com.br,Terreno,Lagoa Santa,MG,"792.675,00",10/06/2026,https://24e53253961aecf7.cdn.gocache.net/watermark/bens/0000082298/img-82298-6a0782619e516.jpg,,https://www.danielgarcialeiloes.com.br/item/76542/detalhes,"Terreno Cidade: Lagoa Santa/MG Descrição: 01 (UM) TERRENO, CORRESPONDENTE AO LOTE N. 11, DA QUADRA ""C"", SITUADO A RUA OLHOS D'ÁGUA, NO DISTRITO INDUSTRIAL GENESCO APARECIDO DE OLIVEIRA, EM LAGOA SANTA/MG, COM A ÁREA DE 2.500,00m², CONFRONTANDO E DIVIDINDO: PELA FRENTE, NA EXTENSÃO DE 35,36M, COM A RUA HUM; PELA DIREITA, NA EXTENSÃO DE 70,71M, COM O LOTE N. 10; PELA ESQUERDA, NA EXTENSÃO DE 70,71M, COM O LOTE N. 12; E, PELOS FUNDOS, NA EXTENSÃO DE 35,36M, COM O LOTE N. 03, MATRICULADO SOB O N. 26"
Daniel Elias Garcia,NACIONAL,https://www.danielgarcialeiloes.com.br,Terreno,Lagoa Santa,MG,"792.675,00",10/06/2026,https://24e53253961aecf7.cdn.gocache.net/watermark/bens/0000082299/img-82299-6a078268c8355.jpg,,https://www.danielgarcialeiloes.com.br/item/76543/detalhes,"Terreno Cidade: Lagoa Santa/MG Descrição: 01 (UM) TERRENO, CORRESPONDENTE AO LOTE N. 12, DA QUADRA ""C"", SITUADO A RUA OLHOS D'ÁGUA, NO DISTRITO INDUSTRIAL GENESCO APARECIDO DE OLIVEIRA, EM LAGOA SANTA/MG, COM A ÁREA DE 2.500,00m², CONFRONTANDO E DIVIDINDO: PELA FRENTE, NA EXTENSÃO DE 35,36M, COM A RUA HUM; PELA DIREITA, NA EXTENSÃO DE 70,71M, COM O LOTE N. 11; PELA ESQUERDA, NA EXTENSÃO DE 70,71M, COM O LOTE N. 13; E, PELOS FUNDOS, NA EXTENSÃO DE 35,36M, COM O LOTE N. 03-A, MATRICULADO SOB O N. "
Daniel Elias Garcia,NACIONAL,https://www.danielgarcialeiloes.com.br,Terreno,Lagoa Santa,MG,"797.127,10",10/06/2026,https://24e53253961aecf7.cdn.gocache.net/watermark/bens/0000082300/img-82300-6a0782710fd9b.jpg,,https://www.danielgarcialeiloes.com.br/item/76544/detalhes,"Terreno Cidade: Lagoa Santa/MG Descrição: 01 (UM) TERRENO, CORRESPONDENTE AO LOTE N. 13, DA QUADRA ""C"", SITUADO A RUA OLHOS D'ÁGUA, NO DISTRITO INDUSTRIAL GENESCO APARECIDO DE OLIVEIRA, EM LAGOA SANTA/MG, COM A ÁREA DE 2.530,00m², CONFRONTANDO E DIVIDINDO: PELA FRENTE, NA EXTENSÃO DE 35,79M, COM A RUA HUM; PELA DIREITA, NA EXTENSÃO DE 70,71M, COM O LOTE N. 12; PELA ESQUERDA, NA EXTENSÃO DE 70,71M, COM O LOTE N. 14; E, PELOS FUNDOS, NA EXTENSÃO DE 35,79M, COM O LOTE N. 04, MATRICULADO SOB O N. 26"
Daniel Elias Garcia,NACIONAL,https://www.danielgarcialeiloes.com.br,Terreno,Lagoa Santa,MG,"1.155.011,04",10/06/2026,https://24e53253961aecf7.cdn.gocache.net/watermark/bens/0000082301/img-82301-6a078277a01ff.jpg,,https://www.danielgarcialeiloes.com.br/item/76545/detalhes,"Terreno Cidade: Lagoa Santa/MG Descrição: 01 (UM) TERRENO, CORRESPONDENTE AO LOTE N. 14, DA QUADRA ""C"", SITUADO A RUA OLHOS D'ÁGUA, NO DISTRITO INDUSTRIAL GENESCO APARECIDO DE OLIVEIRA, EM LAGOA SANTA/MG, COM A ÁREA DE 3.722,00m², CONFRONTANDO E DIVIDINDO: PELA FRENTE, NA EXTENSÃO DE 17,30M + 43,98m, COM A RUA HUM; PELA DIREITA, NA EXTENSÃO DE 70,71M, COM O LOTE N. 13; PELA ESQUERDA, NA EXTENSÃO DE 70,71M, COM A RUA SEIS; E, PELOS FUNDOS, NA EXTENSÃO DE 8,66M + 35,34M, COM O LOTE N. 04-A, MATRIC"
Daniel Elias Garcia,NACIONAL,https://www.danielgarcialeiloes.com.br,Sala Comercial e Vagas de Garagem,Curitiba,PR,"1.395.000,00",18/06/2026,https://24e53253961aecf7.cdn.gocache.net/watermark/bens/0000082303/img-82303-6a0788c026bbd.jpg,,https://www.danielgarcialeiloes.com.br/item/76547/detalhes,"Sala Comercial e Vagas de Garagem Cidade: Curitiba/PR Descrição: Conjunto Comercial n° 201, localizado no 2ºandar ou 3º pavimento, do Edifício Centro do Contabilista, situado na Rua Lourenço Pinto, 196, na cidade de Curitiba  PR, com área construída privativa coberta de 385,35m², área construída de uso comum coberta de 90,86m², área construída total de 476,21m², fração ideal do solo de0,073963, e quota ideal do terreno de 57,72m²;edifício este construído sobre o lote de terreno medindo 20,00m d"
Daniel Elias Garcia,NACIONAL,https://www.danielgarcialeiloes.com.br,Sala Comercial e Vagas de Garagem,Curitiba,PR,"1.365.000,00",18/06/2026,https://24e53253961aecf7.cdn.gocache.net/watermark/bens/0000082304/img-82304-6a0788c4ab866.jpg,,https://www.danielgarcialeiloes.com.br/item/76548/detalhes,"Sala Comercial e Vagas de Garagem Cidade: Curitiba/PR Descrição: Conjunto Comercial nº 401, localizado no 4ºandar ou 5º pavimento, do Edifício Centro do Contabilista, situado na Rua Lourenço Pinto, nº 196,com área construída privativa coberta de 385,35m², área construída de uso comum coberta de90,86 m², área construída total de 476,21 m²,fração ideal do solo de 0,073963, e quota ideal do terreno de 57,72 m²; edifício este construído sobreo lote de terreno medindo 20,00m de frente para a Rua Lour"
Daniel Elias Garcia,NACIONAL,https://www.danielgarcialeiloes.com.br,Prédio Comercial,Londrina,PR,"5.088.900,00",18/06/2026,https://24e53253961aecf7.cdn.gocache.net/watermark/bens/0000082306/img-82306-6a0789bc7a096.jpg,,https://www.danielgarcialeiloes.com.br/item/76550/detalhes,"Prédio Comercial Cidade: Londrina/PR Descrição: Edifício comercial em alvenaria e estrutura de concreto armado com 04 pavimentos + subsolo, com área construída de 1.436,54 m², e área do terreno de 581,25 m², terras sob nº 17, da quadra nº 61, matrícula n. 1.270 do Registro de Imóveis da 3ª Circunscrição da comarca de Londrina/PR, na Rua Espírito Santo, nº 199, bairro Centro. Avaliado R$ 5.000.000,00. Bens móveis localizados em Londrina -Mobiliário em geral e equipamentos eletrônicos, contempland"
Daniel Elias Garcia,NACIONAL,https://www.danielgarcialeiloes.com.br,Terreno,Lagoa Formosa,MG,"2.050.000,00",19/06/2026,https://24e53253961aecf7.cdn.gocache.net/watermark/bens/0000082392/img-82392-6a0ddf1ab500a.jpg,,https://www.danielgarcialeiloes.com.br/item/76579/detalhes,"Terreno Cidade: Lagoa Formosa/MG Descrição: 01 (um) terreno, correspondente ao lote n. 08, da quadra n. 25, situado a Avenida Vereador Gercino Ferreira Coelho, bairro Santa Cruz, em Lagoa Formosa/MG, com área de 3.652,20m², e pela frente confronta-se com a Avenida 01 (atualmente denominada Avenida Vereador Gercino Ferreira Coelho/Gercinão), numa extensão de (25,15 + 9,42 + 7,51 +9,42) metros; pelo lado direito confronta-se com a Avenida Manoel Soares, numa extensão de (31,46 + 32,12 + 6,92) metr"
Daniel Elias Garcia,NACIONAL,https://www.danielgarcialeiloes.com.br,Terreno,Lagoa Formosa,MG,"130.000,00",19/06/2026,https://24e53253961aecf7.cdn.gocache.net/watermark/bens/0000082393/img-82393-6a0ddf1d5f836.jpg,,https://www.danielgarcialeiloes.com.br/item/76580/detalhes,"Terreno Cidade: Lagoa Formosa/MG Descrição: 01 (um) terreno, correspondente ao lote n. 0256, quadra n. 27, Setor 06, situado a Rua Sebastião Machado dos Reis, bairro Bom Retiro, em Lagoa Formosa/MG, com a área de 448,04m², sendo 11,66m de frente para a Rua ""E"", 11,24m de fundo com Egmar Machado Magalhães; 39,94m pelo lado direito para o Lote 03, e 41,52m pelo lado esquerdo com o Lote 01, matriculado sob o n. 75.002 no Ofício de Registro de Imóveis de Patos de Minas/MG."
Daniel Elias Garcia,NACIONAL,https://www.danielgarcialeiloes.com.br,Terreno,Lagoa Formosa,MG,"125.000,00",19/06/2026,https://24e53253961aecf7.cdn.gocache.net/watermark/bens/0000082394/img-82394-6a0ddf21272ea.jpg,,https://www.danielgarcialeiloes.com.br/item/76581/detalhes,"Terreno Cidade: Lagoa Formosa/MG Descrição: 01 (um) terreno, correspondente ao lote n. 0245, quadra n. 27, Setor 06, situado a Rua Sebastião Machado dos Reis, bairro Bom Retiro, em Lagoa Formosa/MG, com a área de 430,65m², sendo 11,66m de frente para a Rua ""E"", 11,23m em dois segmentos de reta com 10,69 e 0,54m, de fundo com Egmar Machado Mahalhães; 24,30m para o Lote 04, e 24,55m pelo lado esquerdo para o lote 02, matriculado sob o n. 75.003 no Ofício de Registro de Imóveis de Patos de Minas/MG"
Daniel Elias Garcia,NACIONAL,https://www.danielgarcialeiloes.com.br,Terreno,Lagoa Formosa,MG,"115.000,00",19/06/2026,https://24e53253961aecf7.cdn.gocache.net/watermark/bens/0000082395/img-82395-6a0ddf23ac620.jpg,,https://www.danielgarcialeiloes.com.br/item/76582/detalhes,"Terreno Cidade: Lagoa Formosa/MG Descrição: 01 (um) terreno, correspondente ao lote n. 0234, quadra n. 27, Setor 06, situado a Rua Sebastião Machado dos Reis, bairro Bom Retiro, em Lagoa Formosa/MG, com a área de 399,84m², sendo 11,66m de frente para a Rua ""E"", 11,00m de fundo com Egmar Machado Magalhães; 39,44m pelo lado direito para o Lote 05, e 38,25m pelo lado esquerdo com o Lote 03, matriculado sob o n. 75.004 no Ofício de Registro de Imóveis de Patos de Minas/MG."
Daniel Elias Garcia,NACIONAL,https://www.danielgarcialeiloes.com.br,Terreno,Lagoa Formosa,MG,"102.000,00",19/06/2026,https://24e53253961aecf7.cdn.gocache.net/watermark/bens/0000082396/img-82396-6a0ddf263869a.jpg,,https://www.danielgarcialeiloes.com.br/item/76583/detalhes,"Terreno Cidade: Lagoa Formosa/MG Descrição: 01 (um) terreno, correspondente ao lote n. 0223, quadra n. 27, Setor 06, situado a Rua Sebastião Machado dos Reis, bairro Bom Retiro, em Lagoa Formosa/MG, com a área de 357,93m², sendo 11,66m de frente para a Rua ""E"", 11,00m de fundo para Egmar Machado Magalhães; 30,63m pelo lado direito para o Lote 06, e 34,44m pelo lado esquerdo com o Lote 04, matriculado sob o n. 75.005 no Ofício de Registro de Imóveis de Patos de Minas/MG."
Daniel Elias Garcia,NACIONAL,https://www.danielgarcialeiloes.com.br,Terreno,Lagoa Formosa,MG,"90.000,00",19/06/2026,https://24e53253961aecf7.cdn.gocache.net/watermark/bens/0000082397/img-82397-6a0ddf286dad1.jpg,,https://www.danielgarcialeiloes.com.br/item/76584/detalhes,"Terreno Cidade: Lagoa Formosa/MG Descrição: 01 (um) terreno, correspondente ao lote n. 0212, quadra n. 27, Setor 06, situado a Rua Sebastião Machado dos Reis, bairro Bom Retiro, em Lagoa Formosa/MG, com a área de 316,01m², sendo 11,66m de frente para a Rua ""E"", 11,00m de fundo com Egmar Machado Magalhães; 26,82m pelo lado direito para o Lote 07, e 30,63m pelo lado esquerdo com o Lote 05, matriculado sob o n. 75.006 no Ofício de Registro de Imóveis de Patos de Minas/MG."
Daniel Elias Garcia,NACIONAL,https://www.danielgarcialeiloes.com.br,Terreno,Lagoa Formosa,MG,"78.000,00",19/06/2026,https://24e53253961aecf7.cdn.gocache.net/watermark/bens/0000082398/img-82398-6a0ddf2af239d.jpg,,https://www.danielgarcialeiloes.com.br/item/76585/detalhes,"Terreno Cidade: Lagoa Formosa/MG Descrição: 01 (um) terreno, correspondente ao lote n. 0201, quadra n. 27, Setor 06, situado a Rua Sebastião Machado dos Reis, bairro Bom Retiro, em Lagoa Formosa/MG, com a área de 274,09m², sendo 11,66m de frente para a Rua ""E"", 11,00m de fundo com Egmar Machado Magalhães; 23,01m pelo lado direito para o Lote 06 da Quadra L, e 26,82m pelo lado esquerdo para o Lote 06, matriculado sob o n. 75.007 no Ofício de Registro de Imóveis de Patos de Minas/MG."
Daniel Elias Garcia,NACIONAL,https://www.danielgarcialeiloes.com.br,Terreno,Lagoa Formosa,MG,"190.000,00",19/06/2026,https://24e53253961aecf7.cdn.gocache.net/watermark/bens/0000082399/img-82399-6a0ddf2eda8da.jpg,,https://www.danielgarcialeiloes.com.br/item/76586/detalhes,"Terreno Cidade: Lagoa Formosa/MG Descrição: 01 (um) terreno, correspondente ao lote n. 0175, quadra n. 72, setor 03, situado a Rua Vereador Justo Machado de Brito, bairro Jardim Botânico, em Lagoa Formosa/MG, com área de 312,96m², com as seguintes confrontações: Frente, 12,00m confrontando com a Rua Vereador Justo Machado de Brito; Lado direito, 26,08m confrontando com o lote 0187; Lado esquerdo, 26,08m confrontando com o lote 0163; Fundo, 12,00m confrontando com o lote 0380, matriculado sob o n"
Daniel Elias Garcia,NACIONAL,https://www.danielgarcialeiloes.com.br,Terreno,Lagoa Formosa,MG,"190.000,00",19/06/2026,https://24e53253961aecf7.cdn.gocache.net/watermark/bens/0000082400/img-82400-6a0ddf3768995.jpg,,https://www.danielgarcialeiloes.com.br/item/76587/detalhes,"Terreno Cidade: Lagoa Formosa/MG Descrição: 01 (um) terreno, correspondente ao lote n. 0187, quadra n. 72, setor 03, situado a Rua Vereador Justo Machado de Brito, bairro Jardim Botânico, em Lagoa Formosa/MG, com área de 312,96m², com as seguintes confrontações: Frente, 12,00m confrontando com a Rua Vereador Justo Machado de Brito; Lado direito, 26,08m confrontando com o lote 0199; Lado esquerdo, 26,08m confrontando com o lote 0175; Fundo, 12,00m confrontando com o lote 0368, matriculado sob o n"
Daniel Elias Garcia,NACIONAL,https://www.danielgarcialeiloes.com.br,Terreno,Lagoa Formosa,MG,"190.000,00",19/06/2026,https://24e53253961aecf7.cdn.gocache.net/watermark/bens/0000082401/img-82401-6a0ddf3941a9d.jpg,,https://www.danielgarcialeiloes.com.br/item/76588/detalhes,"Terreno Cidade: Lagoa Formosa/MG Descrição: 01 (um) terreno, correspondente ao lote n. 0199, quadra n. 72, setor 03, situado a Rua Vereador Justo Machado de Brito, bairro Jardim Botânico, em Lagoa Formosa/MG, com área de 312,96m², com as seguintes confrontações: Frente, 12,00m confrontando com a Rua Vereador Justo Machado de Brito; Lado direito, 26,08m confrontando com o lote 0211; Lado esquerdo, 26,08m confrontando com o lote 0187; Fundo, 12,00m confrontando com o lote 0356, matriculado sob o n"
Daniel Elias Garcia,NACIONAL,https://www.danielgarcialeiloes.com.br,Terreno,Lagoa Formosa,MG,"190.000,00",19/06/2026,https://24e53253961aecf7.cdn.gocache.net/watermark/bens/0000082402/img-82402-6a0ddf3bb5170.jpg,,https://www.danielgarcialeiloes.com.br/item/76589/detalhes,"Terreno Cidade: Lagoa Formosa/MG Descrição: 01 (um) terreno, correspondente ao lote n. 0211, quadra n. 72, setor 03, situado a Rua Vereador Justo Machado de Brito, bairro Jardim Botânico, em Lagoa Formosa/MG, com área de 312,96m², com as seguintes confrontações: Frente, 12,00m confrontando com a Rua Vereador Justo Machado de Brito; Lado direito, 26,08m confrontando com o lote 0223; Lado esquerdo, 26,08m confrontando com o lote 0199; Fundo, 12,00m confrontando com o lote 0344, matriculado sob o n"
Daniel Elias Garcia,NACIONAL,https://www.danielgarcialeiloes.com.br,Terreno,Lagoa Formosa,MG,"190.000,00",19/06/2026,https://24e53253961aecf7.cdn.gocache.net/watermark/bens/0000082403/img-82403-6a0ddf3e15727.jpg,,https://www.danielgarcialeiloes.com.br/item/76590/detalhes,"Terreno Cidade: Lagoa Formosa/MG Descrição: 01 (um) terreno, correspondente ao lote n. 0223, quadra n. 72, setor 03, situado a Rua Vereador Justo Machado de Brito, bairro Jardim Botânico, em Lagoa Formosa/MG, com área de 312,96m², com as seguintes confrontações: Frente, 12,00m confrontando com a Rua Vereador Justo Machado de Brito; Lado direito, 26,08m confrontando com o lote 0235; Lado esquerdo, 26,08m confrontando com o lote 0211; Fundo, 12,00m confrontando com o lote 0332, matriculado sob o n"
Daniel Elias Garcia,NACIONAL,https://www.danielgarcialeiloes.com.br,Terreno,Lagoa Formosa,MG,"190.000,00",19/06/2026,https://24e53253961aecf7.cdn.gocache.net/watermark/bens/0000082404/img-82404-6a0ddf4063915.jpg,,https://www.danielgarcialeiloes.com.br/item/76591/detalhes,"Terreno Cidade: Lagoa Formosa/MG Descrição: 01 (um) terreno, correspondente ao lote n. 0235, quadra n. 72, setor 03, situado a Rua Vereador Justo Machado de Brito, bairro Jardim Botânico, em Lagoa Formosa/MG, com área de 312,96m², com as seguintes confrontações: Frente, 12,00m confrontando com a Rua Vereador Justo Machado de Brito; Lado direito, 26,08m confrontando com o lote 0271; Lado esquerdo, 26,08m confrontando com o lote 0223; Fundo, 12,00m confrontando com o lote 0320, matriculado sob o n"
Daniel Elias Garcia,NACIONAL,https://www.danielgarcialeiloes.com.br,Terreno,Lagoa Formosa,MG,"200.000,00",19/06/2026,https://24e53253961aecf7.cdn.gocache.net/watermark/bens/0000082405/img-82405-6a0ddf4347932.jpg,,https://www.danielgarcialeiloes.com.br/item/76592/detalhes,"Terreno Cidade: Lagoa Formosa/MG Descrição: 01 (um) terreno, correspondente ao lote n. 0271, quadra n. 72, setor 03, situado à Rua Vereador Justo Machado de Brito, esquina com a Rua Vovô Sezostre, bairro Jardim Botânico, em Lagoa Formosa/MG, com área de 311,33m², com as seguintes confrontações: Frente, 10,25m + 2,55m confrontando com a Rua Vereador Justo Machado de Brito; Lado direito, 24.23, confrontando com a Rua Vovô Sezostre;  Lado esquerdo, 26,08m confrontando com o lote 0235; Fundo, 12,00m"
Daniel Elias Garcia,NACIONAL,https://www.danielgarcialeiloes.com.br,Terreno,Lagoa Formosa,MG,"200.000,00",19/06/2026,https://24e53253961aecf7.cdn.gocache.net/watermark/bens/0000082406/img-82406-6a0ddf46a958a.jpg,,https://www.danielgarcialeiloes.com.br/item/76593/detalhes,"Terreno Cidade: Lagoa Formosa/MG Descrição: 01 (um) terreno, correspondente ao lote n. 0308, quadra n. 72, setor 03, situado à Avenida Maria Geralda de Matos, esquina com à Rua Vovô Sezostre, bairro Jardim Botânico, em Lagoa Formosa/MG, com área de 311,33m², com as seguintes confrontações: Frente, 10,25m + 2,55m confrontando com a Avenida Maria Geralda de Matos; Lado direito, 26.08, confrontando com o lote 0320;  Lado esquerdo, 24,23m confrontando com a Rua Vovô Sezostre; Fundo, 12,00m confronta"
Daniel Elias Garcia,NACIONAL,https://www.danielgarcialeiloes.com.br,Terreno,Lagoa Formosa,MG,"190.000,00",19/06/2026,https://24e53253961aecf7.cdn.gocache.net/watermark/bens/0000082407/img-82407-6a0ddf48d679a.jpg,,https://www.danielgarcialeiloes.com.br/item/76594/detalhes,"Terreno Cidade: Lagoa Formosa/MG Descrição: 01 (um) terreno, correspondente ao lote n. 0320, quadra n. 72, setor 03, situado à Avenida Maria Geralda de Matos, bairro Jardim Botânico, em Lagoa Formosa/MG, com área de 312,96m², com as seguintes confrontações: Frente, 12,00m confrontando com a Avenida Maria Geralda de Matos; Lado direito, 26.08, confrontando com o lote 0332;  Lado esquerdo, 26,08m confrontando com o lote 0308; Fundo, 12,00m confrontando com o lote 0235, matriculado sob o n. 118.135"
Daniel Elias Garcia,NACIONAL,https://www.danielgarcialeiloes.com.br,Terreno,Lagoa Formosa,MG,"190.000,00",19/06/2026,https://24e53253961aecf7.cdn.gocache.net/watermark/bens/0000082408/img-82408-6a0ddf4add383.jpg,,https://www.danielgarcialeiloes.com.br/item/76595/detalhes,"Terreno Cidade: Lagoa Formosa/MG Descrição: 01 (um) terreno, correspondente ao lote n. 0332, quadra n. 72, setor 03, situado à Avenida Maria Geralda de Matos, bairro Jardim Botânico, em Lagoa Formosa/MG, com área de 312,96m², com as seguintes confrontações: Frente, 12,00m confrontando com a Avenida Maria Geralda de Matos; Lado direito, 26.08, confrontando com o lote 0344;  Lado esquerdo, 26,08m confrontando com o lote 0320; Fundo, 12,00m confrontando com o lote 0223, matriculado sob o n. 118.138"
Daniel Elias Garcia,NACIONAL,https://www.danielgarcialeiloes.com.br,Terreno,Lagoa Formosa,MG,"190.000,00",19/06/2026,https://24e53253961aecf7.cdn.gocache.net/watermark/bens/0000082409/img-82409-6a0ddf4d64b6c.jpg,,https://www.danielgarcialeiloes.com.br/item/76596/detalhes,"Terreno Cidade: Lagoa Formosa/MG Descrição: 01 (um) terreno, correspondente ao lote n. 0344, quadra n. 72, setor 03, situado à Avenida Maria Geralda de Matos, bairro Jardim Botânico, em Lagoa Formosa/MG, com área de 312,96m², com as seguintes confrontações: Frente, 12,00m confrontando com a Avenida Maria Geralda de Matos; Lado direito, 26.08, confrontando com o lote 0356;  Lado esquerdo, 26,08m confrontando com o lote 0332; Fundo, 12,00m confrontando com o lote 0211, matriculado sob o n. 118.136"
Daniel Elias Garcia,NACIONAL,https://www.danielgarcialeiloes.com.br,Terreno,Lagoa Formosa,MG,"190.000,00",19/06/2026,https://24e53253961aecf7.cdn.gocache.net/watermark/bens/0000082410/img-82410-6a0ddf5015003.jpg,,https://www.danielgarcialeiloes.com.br/item/76597/detalhes,"Terreno Cidade: Lagoa Formosa/MG Descrição: 01 (um) terreno, correspondente ao lote n. 0356, quadra n. 72, setor 03, situado à Avenida Maria Geralda de Matos, bairro Jardim Botânico, em Lagoa Formosa/MG, com área de 312,96m², com as seguintes confrontações: Frente, 12,00m confrontando com a Avenida Maria Geralda de Matos; Lado direito, 26.08, confrontando com o lote 0368;  Lado esquerdo, 26,08m confrontando com o lote 0344; Fundo, 12,00m confrontando com o lote 0199, matriculado sob o n. 118.137"
Daniel Elias Garcia,NACIONAL,https://www.danielgarcialeiloes.com.br,Terreno,Lagoa Formosa,MG,"190.000,00",19/06/2026,https://24e53253961aecf7.cdn.gocache.net/watermark/bens/0000082411/img-82411-6a0ddf5613816.jpg,,https://www.danielgarcialeiloes.com.br/item/76598/detalhes,"Terreno Cidade: Lagoa Formosa/MG Descrição: 01 (um) terreno, correspondente ao lote n. 0368, quadra n. 72, setor 03, situado à Avenida Maria Geralda de Matos, bairro Jardim Botânico, em Lagoa Formosa/MG, com área de 312,96m², com as seguintes confrontações: Frente, 12,00m confrontando com a Avenida Maria Geralda de Matos; Lado direito, 26.08, confrontando com o lote 0380;  Lado esquerdo, 26,08m confrontando com o lote 0356; Fundo, 12,00m confrontando com o lote 0187, matriculado sob o n. 118.139"
Daniel Elias Garcia,NACIONAL,https://www.danielgarcialeiloes.com.br,Terreno,Lagoa Formosa,MG,"190.000,00",19/06/2026,https://24e53253961aecf7.cdn.gocache.net/watermark/bens/0000082412/img-82412-6a0ddf5724344.jpg,,https://www.danielgarcialeiloes.com.br/item/76599/detalhes,"Terreno Cidade: Lagoa Formosa/MG Descrição: 01 (um) terreno, correspondente ao lote n. 0380, quadra n. 72, setor 03, situado à Avenida Maria Geralda de Matos, bairro Jardim Botânico, em Lagoa Formosa/MG, com área de 312,96m², com as seguintes confrontações: Frente, 12,00m confrontando com a Avenida Maria Geralda de Matos; Lado direito, 26.08, confrontando com o lote 0163;  Lado esquerdo, 26,08m confrontando com o lote 0368; Fundo, 12,00m confrontando com o lote 0175, matriculado sob o n. 118.140"
Daniel Elias Garcia,NACIONAL,https://www.danielgarcialeiloes.com.br,Terreno,Lagoa Formosa,MG,"50.000,00",19/06/2026,https://24e53253961aecf7.cdn.gocache.net/watermark/bens/0000082413/img-82413-6a0ddf6a8279a.jpg,,https://www.danielgarcialeiloes.com.br/item/76600/detalhes,"Terreno Cidade: Lagoa Formosa/MG Descrição: 01 (um) terreno, constituído pela chácara 01, da quadra 05, cadastrada no setor 10 da quadra 05 sob o n. 0119, situada na Rua 04, Chácaras Eldorado, em Lagoa Formosa/MG, com área de 24.918,84m², medindo 119,19m de frente para a Rua 04; 206,90m + 69,80m + 40,58m + 11,22n de forma irregular, pelo flanco direito, confrontando com Frederico Machado Alves; 28,30m + 18,21m + 17,28m + 49,74m, de forma irregular, pelo fundo confrontando com a APP (Área de Pres"
Daniel Elias Garcia,NACIONAL,https://www.danielgarcialeiloes.com.br,Terreno,Lagoa Formosa,MG,"300.000,00",19/06/2026,https://24e53253961aecf7.cdn.gocache.net/watermark/bens/0000082414/img-82414-6a0ddf6eea8a8.jpg,,https://www.danielgarcialeiloes.com.br/item/76601/detalhes,"Terreno Cidade: Lagoa Formosa/MG Descrição: 01 (um) terreno, correspondente ao lote n. 1814, da quadra 12, do setor 09, situado no loteamento Ecoville Cidade das Flores, em Lagoa Formosa/MG, em com área de 78.665,76m², com as confrontações descritas no registro imobiliário, matriculado sob o n. 115.933 no Ofício de Registro de Imóveis de Patos de Minas/MG."
Daniel Elias Garcia,NACIONAL,https://www.danielgarcialeiloes.com.br,Terreno,Lagoa Formosa,MG,"30.000,00",19/06/2026,https://24e53253961aecf7.cdn.gocache.net/watermark/bens/0000082415/img-82415-6a0ddf7345099.jpg,,https://www.danielgarcialeiloes.com.br/item/76602/detalhes,"Terreno Cidade: Lagoa Formosa/MG Descrição: 01 (uma) sorte de terras, localizada na Fazenda Lavrado, lugar Capoeira Grande,em Lagoa Formosa/MG, com área de 18.501,00m², com as seguintes divisas e confrontações: inicia-se a descrição deste perímetro no ponto P-01, de coordenadas N 7.927.400,29m e E 359.572,61m, situado junto a uma cerca de arames, divisa com a propriedade de Edson Machado de Andrade e Chácaras Santa Clara Ltda Me; deste segue confrontando com a propriedade de Chácaras Santa Clara"
Daniel Elias Garcia,NACIONAL,https://www.danielgarcialeiloes.com.br,Terreno,Lagoa Formosa,MG,"60.000,00",19/06/2026,https://24e53253961aecf7.cdn.gocache.net/watermark/bens/0000082416/img-82416-6a0ddf771bfe0.jpg,,https://www.danielgarcialeiloes.com.br/item/76603/detalhes,"Terreno Cidade: Lagoa Formosa/MG Descrição: 01 (uma) sorte de terras, com área de 30.976,00m², sendo 2.145,00m² de cultura, 28.831,00m² de cerrado localizado na Fazenda Mata Burros, lugar Macuco, em Lagoa Formosa/MG, com as confrontações descritas no registro imobiliário, matriculado sob o n. 88.462 no Ofício de Registro de Imóveis de Patos de Minas/MG."
Daniel Elias Garcia,NACIONAL,https://www.danielgarcialeiloes.com.br,Terreno,Lagoa Formosa,MG,"49.000,00",19/06/2026,https://24e53253961aecf7.cdn.gocache.net/watermark/bens/0000082417/img-82417-6a0ddf7ad5354.jpg,,https://www.danielgarcialeiloes.com.br/item/76604/detalhes,"Terreno Cidade: Lagoa Formosa/MG Descrição: 01 (uma) sorte de terras, com área de 20.078,00m², sendo 9.744,00m² de cultura, 10.334,00m² de cerrado localizado na fazenda Sapé Lavrado, lugar Capoeira Grande, em Lagoa Formosa/MG, com as confrontações descritas no registro imobiliário, matriculado sob o n. 68.631 no Ofício de Registro de Imóveis de Patos de Minas/MG."
Daniel Elias Garcia,NACIONAL,https://www.danielgarcialeiloes.com.br,Terreno,Lagoa Formosa,MG,"49.000,00",19/06/2026,https://24e53253961aecf7.cdn.gocache.net/watermark/bens/0000082418/img-82418-6a0ddf7f61dfe.jpg,,https://www.danielgarcialeiloes.com.br/item/76605/detalhes,"Terreno Cidade: Lagoa Formosa/MG Descrição: 01 (uma) sorte de terras, com área de 16.582,00m², sendo 9.920,00m² de cerrado em mato, 6.662,00m² de cerrado cultivado, localizado na fazenda Lageado, em Lagoa Formosa/MG, com as confrontações descritas no registro imobiliário, matriculado sob o n. 71.448 no Ofício de Registro de Imóveis de Patos de Minas/MG."
Daniel Elias Garcia,NACIONAL,https://www.danielgarcialeiloes.com.br,Terreno,Lagoa Formosa,MG,"135.000,00",19/06/2026,https://24e53253961aecf7.cdn.gocache.net/watermark/bens/0000082419/img-82419-6a0ddf8208eb0.jpg,,https://www.danielgarcialeiloes.com.br/item/76606/detalhes,"Terreno Cidade: Lagoa Formosa/MG Descrição: 01 (uma) sorte de terras, com área de 40.000,00m², sendo 5.600,00m² de cultura, 34.400,00m² de cerrado, localizado na fazenda Lageado, em Lagoa Formosa/MG, com as confrontações descritas no registro imobiliário, matriculado sob o n. 89.877 no Ofício de Registro de Imóveis de Patos de Minas/MG."
Daniel Elias Garcia,NACIONAL,https://www.danielgarcialeiloes.com.br,Terreno,Lagoa Formosa,MG,"50.000,00",19/06/2026,https://24e53253961aecf7.cdn.gocache.net/watermark/bens/0000082420/img-82420-6a0ddf84e549e.jpg,,https://www.danielgarcialeiloes.com.br/item/76607/detalhes,"Terreno Cidade: Lagoa Formosa/MG Descrição: 01 (uma) sorte de terras, com área de 23.136,00m², sendo 15.869,00m² de cultura, 7.276,00m² de cerrado, localizado na fazenda Mata Burros, lugar Macuco, em Lagoa Formosa/MG, com as confrontações descritas no registro imobiliário, matriculado sob o n. 90.089 no Ofício de Registro de Imóveis de Patos de Minas/MG."
Daniel Elias Garcia,NACIONAL,https://www.danielgarcialeiloes.com.br,Terreno,Lagoa Formosa,MG,"300.000,00",19/06/2026,https://24e53253961aecf7.cdn.gocache.net/watermark/bens/0000082421/img-82421-6a0ddf8837753.jpg,,https://www.danielgarcialeiloes.com.br/item/76608/detalhes,"Terreno Cidade: Lagoa Formosa/MG Descrição: 01 (uma) sorte de terras, com área de 30.000,00m² de campo, localizado na fazenda Pião, lugares denominados Maxixe e Perobas, em Lagoa Formosa/MG, com as confrontações descritas no registro imobiliário, matriculado sob o n. 84.321 no Ofício de Registro de Imóveis de Patos de Minas/MG."
Daniel Elias Garcia,NACIONAL,https://www.danielgarcialeiloes.com.br,Terreno,Três Lagoas,MS,"51.900,00",29/06/2026,https://www.danielgarcialeiloes.com.br/site/images/sem-imagem-lote.jpg?modified=20240531,,https://www.danielgarcialeiloes.com.br/item/76725/detalhes,"Terreno Cidade: Três Lagoas/MS Descrição: 01 (um) terreno urbano, constituído pelo lote n. 07, da quadra n. 446, do Loteamento Parque das Mangueiras, localizado na quinta zona urbana de Três Lagoas/MS, com área de 312,50m², e as seguintes confrontações: 12,50m de frente ao Norte confrontando-se com a Rua Joaquim Murtinho, por 25,00m ao Nascente confrontando-se com parte do lote 08, com 12,50m ao Sul confrontando-se com parte do lote 05, e finalmente com 25,00m ao Poente confrontando-se com parte"
Daniel Elias Garcia,NACIONAL,https://www.danielgarcialeiloes.com.br,Imóvel,Birigui,SP,"3.525.000,00",29/06/2026,https://24e53253961aecf7.cdn.gocache.net/watermark/bens/0000080116/img-80116-69d5438dcec45.jpg,,https://www.danielgarcialeiloes.com.br/item/76726/detalhes,"Imóvel Cidade: Birigui/SP Descrição: um área de terreno urbano, formada pelo englobamento dos imóveis de matrículas nº 31.448 e 31.450, situado na Rua Tupi, esquina com as Rua Padre Geraldo Goseling e São João, na Vila Giampietro, em Birigui/SP, com área de 1.418,00m² e as seguintes medidas e confrontações: parte de um ponto localizado do lado par da Rua São João, e com divisa do imóvel com frente para a Rua São João, nº 22 de propriedade de Mario Antonio Armelin, daí segue em linha reta na dist"
Daniel Elias Garcia,NACIONAL,https://www.danielgarcialeiloes.com.br,Terreno,Penápolis,SP,"89.640,00",29/06/2026,https://24e53253961aecf7.cdn.gocache.net/watermark/bens/0000081302/img-81302-69ea4ddcd6b1a.jpg,,https://www.danielgarcialeiloes.com.br/item/76727/detalhes,"Terreno Cidade: Penápolis/SP Descrição: 01 (um) lote de terreno, correspondente ao n. 18, da quadra 14, do loteamento denominado Recanto Belvedere, localizado na zona de urbanização de interesse turístico, em Penápolis/SP, com a área de 1426,00 metros quadrados, medindo 17,78m de frente para a Alameda Ribeirão Bonito, 17,81m na linha dos fundos, em divisa com Antônio Polizel e outros, 80,13m do lado direito, em divisa com o lote 17 e 80,12m pelo lado esquerdo, dividindo com o lote 19, matriculad"
Daniel Elias Garcia,NACIONAL,https://www.danielgarcialeiloes.com.br,Imóvel,Brasília,DF,"700.000,00",11/06/2026,https://24e53253961aecf7.cdn.gocache.net/watermark/bens/0000081997/img-81997-69fa48c2de45e.jpg,,https://www.danielgarcialeiloes.com.br/item/76817/detalhes,"Imóvel Cidade: Brasília/DF Descrição: 01 (um) terreno, constituído pelo lote n. 12, do Conjunto “D”, da quadra n. 02, do Setor Oficinas Norte – SOF/Norte, em Brasília/DF, com área de 400,00m², medindo 20,00m pelos lados Norte e Sul e 20,00m pelos lados Leste e Oeste, limitando-se pelo lado Sul com o lote n. 10, pelo lado leste com o lote n. 11, ambos da mesma quadra, conjunto e setor, e pelos lados Norte e Oeste com vias públicas, matriculado sob o n. 40.702 no 2º Ofício de Registro de Imóveis d"
Daniel Elias Garcia,NACIONAL,https://www.danielgarcialeiloes.com.br,Terreno,Passo de Torres,SC,"70.000,00",15/06/2026,https://24e53253961aecf7.cdn.gocache.net/watermark/bens/0000080346/img-80346-69de78b4ce45f.jpg,,https://www.danielgarcialeiloes.com.br/item/76822/detalhes,"Terreno Descrição: Item 001: Terreno Cidade: Passo de Torres/SC Endereço: 01) 01 (um) terreno urbano, correspondente ao lote n. 04, da quadra n. 21, situado no Balneário Caravelle, em Passo de Torres/SC, com área de 360,00m², com frente para a Rua K, lado ímpar, distando 12,00m da esquina com a Rua L, ao Suleste, no quarteirão formado pelas citadas vias, mais a rua J e Av. A, com as seguintes medidas e confrontações: ao Noroeste por 30,00m com o lote n. 06; ao Sudeste também por 30,00m com o lot"
Daniel Elias Garcia,NACIONAL,https://www.danielgarcialeiloes.com.br,Fração de Imóvel,Riachão das Neves,BA,"2.600.000,00",15/06/2026,https://www.danielgarcialeiloes.com.br/site/images/sem-imagem-lote.jpg?modified=20240531,,https://www.danielgarcialeiloes.com.br/item/76823/detalhes,"Fração de Imóvel Cidade: Riachão das Neves/BA Descrição: a fração de 1.300 (Hum mil e trezentos) hectares de uma propriedade rural, denominada Fazenda Caiçara, com uma área remanescente total de 13.480,0ha, situada em Riachão das Neves/BA, limitando-se ao Norte com a Fazenda Caiçara, ao Sul com a Fazenda Piquizeiro, ao Leste com BR 020, ao Oeste com Faz. Poções. Partindo do marco inicial 01, pela divisa com Faz. Caiçara, com o seguinte rumo e distância 67º30’NE com 13.600,00m até o m-02, m-03, m"
Daniel Elias Garcia,NACIONAL,https://www.danielgarcialeiloes.com.br,Apartamento,Joinville,SC,"197.400,00",15/06/2026,https://24e53253961aecf7.cdn.gocache.net/watermark/bens/0000081204/img-81204-69e222395fd1d.jpg,,https://www.danielgarcialeiloes.com.br/item/76824/detalhes,"Apartamento Cidade: Joinville/SC Descrição: 01 (um) apartamento, n. 407, localizado no 4º pavimento – 3º Tipo, do Bloco 05, do Residencial Spazio Jardim de Genebra, situado a Rua Santa Catarina, 3180, bairro Santa Catarina, em Joinville/SC, com área construída privativa de utilização exclusiva de 47,0400m², área de uso comum coberta de 6,9229m², área total construída de 53,9629m² e a vaga de estacionamento normal descoberta n. 77, com 12,0000m², localizada no térreo, área comum descoberta de 31,"
Daniel Elias Garcia,NACIONAL,https://www.danielgarcialeiloes.com.br,Terreno,Flores de Goiás,GO,"9.332,82",15/06/2026,https://24e53253961aecf7.cdn.gocache.net/watermark/bens/0000081269/img-81269-69e9330e350f4.jpeg,,https://www.danielgarcialeiloes.com.br/item/76829/detalhes,"Terreno Cidade: Flores de Goiás/GO Descrição: Lote 01) 01 (um) terreno urbano medindo a área superficial de 180,00m², identificado por lote n. 27, do Conjunto H, Avenida das Flores do loteamento Jardim Alvorada, em Flores de Goiás/GO, assim descrito e caracterizado: Frente: 10,00m, confronta-se com a Avenida das Flores; Fundo: 10,00m, confronta-se com o lote 28; lateral direita: 18,00m, confronta-se com o lote 25; e, Lateral Esquerda: 18,00m, confronta-se com o lote 29, matriculado sob o n. 2.69"
Daniel Elias Garcia,NACIONAL,https://www.danielgarcialeiloes.com.br,Terreno,Flores de Goiás,GO,"9.332,82",15/06/2026,https://24e53253961aecf7.cdn.gocache.net/watermark/bens/0000081270/img-81270-69e93333a9983.jpeg,,https://www.danielgarcialeiloes.com.br/item/76830/detalhes,"Terreno Cidade: Flores de Goiás/GO Descrição: Lote 02) 01 (um) terreno urbano medindo a área superficial de 180,00m², identificado por lote n. 28 do Conjunto H, Rua I do loteamento Jardim Alvorada, em Flores de Goiás/GO, assim descrito e caracterizado: Frente: 10,00m, confronta-se com a Rua I; Fundo: 10,00m, confronta-se com o lote 27; Lateral direita: 18,00m, confronta-se com o lote 26; e, Lateral Esquerda: 18,00m, confronta-se com o lote 30, matriculado sob o n. 2.699 no Ofício de Registro de "
Daniel Elias Garcia,NACIONAL,https://www.danielgarcialeiloes.com.br,Terreno,Flores de Goiás,GO,"9.332,82",15/06/2026,https://24e53253961aecf7.cdn.gocache.net/watermark/bens/0000081271/img-81271-69e933654a3e8.jpg,,https://www.danielgarcialeiloes.com.br/item/76831/detalhes,"Terreno Cidade: Flores de Goiás/GO Descrição: Lote 03) 01 (um) terreno urbano medindo a área superficial de 180,00m², identificado por lote n. 15 do Conjunto J, Rua K do loteamento Jardim Alvorada, em Flores de Goiás/GO, assim descrito e caracterizado: Frente: 10,00m, confronta-se com a Rua K; Fundo: 10,00m, confronta-se com o lote 18; Lateral direita: 18,00m, confronta-se com o lote 17; e, Lateral Esquerda: 18,00m, confronta-se com o lote 13, matriculado sob o n. 2.804 no Ofício de Registro de "
Daniel Elias Garcia,NACIONAL,https://www.danielgarcialeiloes.com.br,Terreno,Flores de Goiás,GO,"9.332,82",15/06/2026,https://24e53253961aecf7.cdn.gocache.net/watermark/bens/0000081272/img-81272-69e9336b27450.jpg,,https://www.danielgarcialeiloes.com.br/item/76832/detalhes,"Terreno Cidade: Flores de Goiás/GO Descrição: Lote 04) 01 (um) terreno urbano medindo a área superficial de 180,00m², identificado por lote n. 17 do Conjunto J, K do loteamento Jardim Alvorada, em Flores de Goiás/GO, assim descrito e caracterizado: Frente: 10,00m, confronta-se com a Rua K; Fundo: 10,00m, confronta-se com o lote 20; Lateral direita: 18,00m, confronta-se com o lote 19; e, Lateral Esquerda: 18,00m, confronta-se com o lote 15, matriculado sob o n. 2.805 no Ofício de Registro de Imóv"
Daniel Elias Garcia,NACIONAL,https://www.danielgarcialeiloes.com.br,Terreno,Flores de Goiás,GO,"9.332,82",15/06/2026,https://24e53253961aecf7.cdn.gocache.net/watermark/bens/0000081273/img-81273-69e93373cca9b.jpg,,https://www.danielgarcialeiloes.com.br/item/76833/detalhes,"Terreno Cidade: Flores de Goiás/GO Descrição: Lote 05) 01 (um) terreno urbano medindo a área superficial de 180,00m², identificado por lote n. 18 do Conjunto J, rua I do loteamento Jardim Alvorada, em Flores de Goiás/GO, assim descrito e caracterizado: Frente: 10,00m, confronta-se com a Rua I; Fundo: 10,00m, confronta-se com o lote 15; Lateral direita: 18,00m, confronta-se com o lote 16; e, Lateral Esquerda: 18,00m confronta-se com o lote 20, matriculado sob o n. 2.806 no Ofício de Registro de I"
Daniel Elias Garcia,NACIONAL,https://www.danielgarcialeiloes.com.br,Terreno,Flores de Goiás,GO,"9.332,82",15/06/2026,https://24e53253961aecf7.cdn.gocache.net/watermark/bens/0000081274/img-81274-69e9337a0133e.jpg,,https://www.danielgarcialeiloes.com.br/item/76834/detalhes,"Terreno Cidade: Flores de Goiás/GO Descrição: Lote 06) 01 (um) terreno urbano medindo a área superficial de 180,00m², identificado por lote n. 19 do Conjunto J, Rua K do loteamento Jardim Alvorada, em Flores de Goiás/GO, assim descrito e caracterizado: Frente: 10,00m, confronta-se com a Rua K; Fundo: 10,00m, confronta-se com o lote 22; Lateral direita: 18,00m, confronta-se com o lote 21; e, Lateral Esquerda: 18,00m, confronta-se com o lote 17, matriculado sob o n. 2.807 no Ofício de Registro de "
Daniel Elias Garcia,NACIONAL,https://www.danielgarcialeiloes.com.br,Terreno,Flores de Goiás,GO,"9.332,82",15/06/2026,https://24e53253961aecf7.cdn.gocache.net/watermark/bens/0000081275/img-81275-69e9337fe5dc5.jpg,,https://www.danielgarcialeiloes.com.br/item/76835/detalhes,"Terreno Cidade: Flores de Goiás/GO Descrição: Lote 07) 01 (um) terreno urbano medindo a área superficial de 180,00m², identificado por lote n. 20 do Conjunto J, Rua I do loteamento Jardim Alvorada, em Flores de Goiás/GO, assim descrito e caracterizado: Frente: 10,00m, confronta -se com a Rua I; Fundo: 10,00m, confronta-se com o lote 17; Lateral direita: 18,00m, confronta-se com o lote 18; e, Lateral Esquerda: 18,00m, confronta-se com o lote 22, matriculado sob o n. 2.808 no Ofício de Registro de"
Daniel Elias Garcia,NACIONAL,https://www.danielgarcialeiloes.com.br,Terreno,Flores de Goiás,GO,"9.332,82",15/06/2026,https://24e53253961aecf7.cdn.gocache.net/watermark/bens/0000081276/img-81276-69e93385f2da9.jpg,,https://www.danielgarcialeiloes.com.br/item/76836/detalhes,"Terreno Cidade: Flores de Goiás/GO Descrição: Lote 08) 01 (um) terreno urbano medindo a área superficial de 180,00m², identificado por lote n. 21 do Conjunto J, Rua K do loteamento Jardim Alvorada, em Flores de Goiás/GO, assim descrito e caracterizado: Frente: 10,00m, confronta -se com a Rua K; Fundo: 10,00m, confronta-se com o lote 24; Lateral direita: 18,00m, confronta-se com o lote 23; e, Lateral Esquerda: 18,00m, confronta-se com o lote 19, matriculado sob o n. 2.809 no Ofício de Registro de"
Daniel Elias Garcia,NACIONAL,https://www.danielgarcialeiloes.com.br,Terreno,Flores de Goiás,GO,"9.332,82",15/06/2026,https://24e53253961aecf7.cdn.gocache.net/watermark/bens/0000081277/img-81277-69e9338c8cb50.jpg,,https://www.danielgarcialeiloes.com.br/item/76837/detalhes,"Terreno Cidade: Flores de Goiás/GO Descrição: Lote 09) 01 (um) terreno urbano medindo a área superficial de 180,00m², identificado por lote n. 22 do Conjunto J, Rua I do loteamento Jardim Alvorada, em Flores de Goiás/GO, assim descrito e caracterizado: Frente: 10,00m, confronta-se com a Rua I; Fundo: 10,00m, confronta-se com o lote 19; Lateral direita: 18,00m, confronta-se com o lote 20; e, Lateral Esquerda: 18,00m, confronta-se com o lote 24, matriculado sob o n. 2.810 no Ofício de Registro de "
Daniel Elias Garcia,NACIONAL,https://www.danielgarcialeiloes.com.br,Terreno,Flores de Goiás,GO,"9.332,82",15/06/2026,https://24e53253961aecf7.cdn.gocache.net/watermark/bens/0000081278/img-81278-69e93392d2f0b.jpg,,https://www.danielgarcialeiloes.com.br/item/76838/detalhes,"Terreno Cidade: Flores de Goiás/GO Descrição: Lote 10) 01 (um) terreno urbano medindo a área superficial de 180,00m², identificado por lote n. 23 do Conjunto J, Rua K do loteamento Jardim Alvorada, em Flores de Goiás/GO, assim descrito e caracterizado: Frente: 10,00m, confronta-se com a Rua K; Fundo: 10,00m, confronta-se com o lote 26; Lateral direita: 18,00m, confronta-se com o lote 25; e, Lateral Esquerda: 18,00m, confronta-se com o lote 21, matriculado sob o n. 2.811 no Ofício de Registro de "
Daniel Elias Garcia,NACIONAL,https://www.danielgarcialeiloes.com.br,Terreno,Flores de Goiás,GO,"9.332,82",15/06/2026,https://24e53253961aecf7.cdn.gocache.net/watermark/bens/0000081279/img-81279-69e93399674f4.jpg,,https://www.danielgarcialeiloes.com.br/item/76839/detalhes,"Terreno Cidade: Flores de Goiás/GO Descrição: Lote 11) 01 (um) terreno urbano medindo a área superficial de 180,00m², identificado por lote n. 24 do Conjunto J, Rua I do loteamento Jardim Alvorada, em Flores de Goiás/GO, assim descrito e caracterizado: Frente: 10,00m, confronta-se com a Rua I; Fundo: 10,00m, confronta-se com o lote 21; Lateral direita: 18,00m, confronta-se com o lote 22; e, Lateral Esquerda: 18,00m, confronta-se com o lote 26, matriculado sob o n. 2.812 no Ofício de Registro de "
Daniel Elias Garcia,NACIONAL,https://www.danielgarcialeiloes.com.br,Terreno,Flores de Goiás,GO,"9.332,82",15/06/2026,https://24e53253961aecf7.cdn.gocache.net/watermark/bens/0000081280/img-81280-69e9339f7fbe4.jpg,,https://www.danielgarcialeiloes.com.br/item/76840/detalhes,"Terreno Cidade: Flores de Goiás/GO Descrição: Lote 12) 01 (um) terreno urbano medindo a área superficial de 180,00m², identificado por lote n. 25 do Conjunto J, Rua K do loteamento Jardim Alvorada, em Flores de Goiás/GO, assim descrito e caracterizado: Frente: 10,00m, confronta-se com a Rua K; Fundo: 10,00m, confronta-se com o lote 28; Lateral direita: 18,00m, confronta-se com o lote 27; e, Lateral Esquerda: 18,00m, confronta-se com o lote 23, matriculado sob o n. 2.813 no Ofício de Registro de "
Daniel Elias Garcia,NACIONAL,https://www.danielgarcialeiloes.com.br,Terreno,Flores de Goiás,GO,"9.332,82",15/06/2026,https://24e53253961aecf7.cdn.gocache.net/watermark/bens/0000081281/img-81281-69e933a5b58e1.jpg,,https://www.danielgarcialeiloes.com.br/item/76841/detalhes,"Terreno Cidade: Flores de Goiás/GO Descrição: Lote 13) 01 (um) terreno urbano medindo a área superficial de 180,00m², identificado por lote n° 26 (vinte e seis) do Conjunto J, Rua I do loteamento Jardim Alvorada, em Flores de Goiás/GO, assim descrito e caracterizado: Frente: 10,00m, confronta-se com a Rua I; Fundo: 10,00m, confronta-se com o lote 23; Lateral direita: 18,00m, confronta-se com o lote 24; e, Lateral Esquerda: 18,00m, confronta-se com o lote 28, matriculado sob o n. 2.814 no Ofício "
Daniel Elias Garcia,NACIONAL,https://www.danielgarcialeiloes.com.br,Terreno,Flores de Goiás,GO,"9.332,82",15/06/2026,https://24e53253961aecf7.cdn.gocache.net/watermark/bens/0000081282/img-81282-69e933ac65844.jpg,,https://www.danielgarcialeiloes.com.br/item/76842/detalhes,"Terreno Cidade: Flores de Goiás/GO Descrição: Lote 14) 01 (um) terreno urbano medindo a área superficial de 180,00m², identificado por lote n. 27 do Conjunto J, Rua K do loteamento Jardim Alvorada, em Flores de Goiás/GO, assim descrito e caracterizado: Frente: 10,00m, confronta -se com a Rua K; Fundo: 10,00m, confronta-se com o lote 29; Lateral direita: 18,00m, confronta-se com a Avenida Alvorada; e, Lateral Esquerda: 18,00m, confronta-se com o lote 25, matriculado sob o n. 2.815 no Ofício de Re"
Daniel Elias Garcia,NACIONAL,https://www.danielgarcialeiloes.com.br,Terreno,Flores de Goiás,GO,"9.332,82",15/06/2026,https://24e53253961aecf7.cdn.gocache.net/watermark/bens/0000081283/img-81283-69e933b2746e2.jpg,,https://www.danielgarcialeiloes.com.br/item/76843/detalhes,"Terreno Cidade: Flores de Goiás/GO Descrição: Lote 15) 01 (um) terreno urbano medindo a área superficial de 180,00m², identificado por lote n. 28 do Conjunto J, Rua I do loteamento Jardim Alvorada, em Flores de Goiás/GO, assim descrito e caracterizado: Frente: 10,00m, confronta-se com a Rua I; Fundo: 10,00m, confronta-se com o lote 25; Lateral direita: 18,00m, confronta-se com o lote 26; e, Lateral Esquerda: 18,00m, confronta-se com o lote 29, matriculado sob o n. 2.816 no Ofício de Registro de "
Daniel Elias Garcia,NACIONAL,https://www.danielgarcialeiloes.com.br,Terreno,Flores de Goiás,GO,"9.332,82",15/06/2026,https://24e53253961aecf7.cdn.gocache.net/watermark/bens/0000081284/img-81284-69e933b8e6b8b.jpg,,https://www.danielgarcialeiloes.com.br/item/76844/detalhes,"Terreno Cidade: Flores de Goiás/GO Descrição: Lote 16) 01 (um) terreno urbano medindo a área superficial de 180,00m², identificado por lote n. 29 do Conjunto J, Rua K do loteamento Jardim Alvorada, em Flores de Goiás/GO, assim descrito e caracterizado: Frente: 10,00m, confronta-se com a Rua K; Fundo: 10,00m, confronta-se com o lote 27; Lateral direita: 18,00m, confronta-se com o lote 28; e, Lateral Esquerda: 18,00m, confronta-se com a Avenida Alvorada, matriculado sob o n. 2.817 no Ofício de Reg"
Daniel Elias Garcia,NACIONAL,https://www.danielgarcialeiloes.com.br,Sala Comercial e Vaga de Garagem,Florianópolis,SC,"161.976,22",15/06/2026,https://24e53253961aecf7.cdn.gocache.net/watermark/bens/0000081285/img-81285-69e9ff614e3b2.jpeg,,https://www.danielgarcialeiloes.com.br/item/76845/detalhes,"Sala Comercial e Vaga de Garagem Cidade: Florianópolis/SC Descrição: Lote 17) 01 (uma) sala comercial, n. 907, Tipo 06, localizada no 9º Pavimento, do Edifício Blue Diamond Business, situado na Rua Idalina Pereira dos Santos n. 67, Agronômica, em Florianópolis/SC, com a área real privativa de 35,4400m², área real comum de 6,7966m², perfazendo 42,2366m² de área real total, ocupando 0,5596% ou 6,0786m² de fração ideal do terreno, matriculada sob o n. 79.953 no 1º Ofício de Registro de Imóveis de F"
Daniel Elias Garcia,NACIONAL,https://www.danielgarcialeiloes.com.br,Sala Comercial e Vaga de Garagem,Florianópolis,SC,"164.084,08",15/06/2026,https://24e53253961aecf7.cdn.gocache.net/watermark/bens/0000081286/img-81286-69e9ff67936aa.jpeg,,https://www.danielgarcialeiloes.com.br/item/76846/detalhes,"Sala Comercial e Vaga de Garagem Cidade: Florianópolis/SC Descrição: Lote 18) 01 (uma) sala comercial, n. 908, Tipo 05, localizada no 9º Pavimento, do Edifício Blue Diamond Business, situado na Rua Idalina Pereira dos Santos n. 67, Agronômica, em Florianópolis/SC, com a área real privativa de 35,8100m², área real comum de 6,8675m², perfazendo 42,6775m² de área real total, ocupando 0,5655% ou 6,1402m² de fração ideal do terreno, matriculada sob o n. 79.954 no 1º Ofício de Registro de Imóveis de F"
Daniel Elias Garcia,NACIONAL,https://www.danielgarcialeiloes.com.br,Apartamento e Vaga de Garagem,Florianópolis,SC,"527.900,61",15/06/2026,https://24e53253961aecf7.cdn.gocache.net/watermark/bens/0000081287/img-81287-69ea045a52744.jpg,,https://www.danielgarcialeiloes.com.br/item/76847/detalhes,"Apartamento e Vaga de Garagem Cidade: Florianópolis/SC Descrição: Lote 19) 01 (um) apartamento, n. 904, localizado no 8° pavimento tipo (12° pavimento) do Edifício Villa Brunello, situado na Rua Maestro Aldo Krieger, 54, Córrego Grande, em Florianópolis/SC, com área real privativa de 65,690m², área real comum de 28,830m², área real total de 94,520m² e fração ideal do terreno de 1,882%, matriculado sob o n. 102.974 no 2º Ofício de Registro de Imóveis de Florianópolis/SC. Ônus: arresto nos autos n"
Daniel Elias Garcia,NACIONAL,https://www.danielgarcialeiloes.com.br,Terreno,Imaruí,SC,"175.885,08",15/06/2026,https://24e53253961aecf7.cdn.gocache.net/watermark/bens/0000081288/img-81288-69e9ff7fd582e.jpg,,https://www.danielgarcialeiloes.com.br/item/76848/detalhes,"Terreno Cidade: Imaruí/SC Descrição: Lote 20) 01 (um) terreno rural, situado na localidade de Rio Prainha, em Imaruí/SC, medindo uma área de 18.454,00m², onde faz frente com a Estrada Geral, fundos com uma Estrada de Serventia, nas laterais ao norte com Manoel Cardoso Costa e ao sul com Venâncio Elizeu, cadastrado no INCRA sob o n. 808.032.020.842, matriculado sob o n. 6.678 no Ofício de Registro de Imóveis de Imaruí/SC. Obs.: trata-se de uma gleba de terras sem edificação. Ônus: AV-02: registro"
Daniel Elias Garcia,NACIONAL,https://www.danielgarcialeiloes.com.br,Terreno,Imaruí,SC,"1.531.229,83",15/06/2026,https://24e53253961aecf7.cdn.gocache.net/watermark/bens/0000081289/img-81289-69e9ff84be0a4.jpg,,https://www.danielgarcialeiloes.com.br/item/76849/detalhes,"Terreno Cidade: Imaruí/SC Descrição: Lote 21) 01 (um) terreno situado em Aratingaúba, em Imaruí/SC, com uma área de 1.028.016,00m², com as seguintes confrontações: 297,00braças de frente até 500,00braças de fundos, daí segue com 197,00braças de frente por 200,00 braças de fundos e daí segue com 115,00braças de frente por 300,00 braças de fundos, fazendo com terras de Sifrônio Prudêncio e Luiz José Corrêa, fundos com terrenos da Reflorestadora Catarinense S/A, extremando pelas laterais ao Sul com"
Daniel Elias Garcia,NACIONAL,https://www.danielgarcialeiloes.com.br,Terreno,Jaguaruna,SC,"1.192.255,90",15/06/2026,https://24e53253961aecf7.cdn.gocache.net/watermark/bens/0000081290/img-81290-69e9ff8cc492b.jpg,,https://www.danielgarcialeiloes.com.br/item/76850/detalhes,"Terreno Cidade: Jaguaruna/SC Descrição: Lote 22) 01 (um) terreno rural situado em Arroio Corrente, em Jaguaruna/SC, com a área de 226.600,00m², com a descrição do perímetro a seguir: Inicia-se a descrição deste perímetro no Vértice 01, de coordenadas N=6.827.378,03 m e E=693.246,83 m, situado no limite com Norma Matei da Silva, deste segue com Ângulo Interno de 91°29'00"" e distância de 113,00m, confrontando neste trecho com a Estrada Geral Arroio Corrente, até o Vértice 02, de coordenadas N=6.82"
Daniel Elias Garcia,NACIONAL,https://www.danielgarcialeiloes.com.br,Terreno,Capivari de Baixo,SC,"708.943,52",15/06/2026,https://24e53253961aecf7.cdn.gocache.net/watermark/bens/0000081291/img-81291-69e9ff96503a0.jpg,,https://www.danielgarcialeiloes.com.br/item/76851/detalhes,"Terreno Cidade: Capivari de Baixo/SC Descrição: Lote 23) 01 (um) terreno, situado em Capivari de Baixo/SC, com área de 10.160,00m², com 25,40m de frente por 400,00m de comprimento até os fundos, com as seguintes confrontações: frente, com terras de Pedro João Martins; fundos com terras dos vendedores; extremando ao Sul, com terras de Mariana Generosa de Oliveira; e ao Norte, com terras de herdeiros de Roberto Prudêncio, matriculado sob o n. 2.063 no Ofício de Registro de Imóveis de Capivari de B"
Daniel Elias Garcia,NACIONAL,https://www.danielgarcialeiloes.com.br,Terreno,Capivari de Baixo,SC,"1.537.619,69",15/06/2026,https://24e53253961aecf7.cdn.gocache.net/watermark/bens/0000081292/img-81292-69e9ffa7d6015.jpg,,https://www.danielgarcialeiloes.com.br/item/76852/detalhes,"Terreno Cidade: Capivari de Baixo/SC Descrição: Lote 24) 01 (um) terreno, situado no bairro Caçador, em Capivari de Baixo/SC, com área de 201.378,00m², com 24,00m de frente, para terras dos vendedores: 173,00m de fundos, para terras de Valdir Valdemiro Rodrigues; de um lado, partindo da linha de frente com a largura de 24,00m; segue para os fundos 135,00m, abrindo nessa distância para 63,00m, com que continua mais 90,00m quando abre para 173,00m, com que segue mais 1.166,00m, até encontrar a lin"
Daniel Elias Garcia,NACIONAL,https://www.danielgarcialeiloes.com.br,Terreno,Capivari de Baixo,SC,"117.961,44",15/06/2026,https://24e53253961aecf7.cdn.gocache.net/watermark/bens/0000081293/img-81293-69e9ffb60646f.jpeg,,https://www.danielgarcialeiloes.com.br/item/76853/detalhes,"Terreno Cidade: Capivari de Baixo/SC Descrição: Lote 25) 01 (um) terreno, situado Rua Doutor Antônio Alves, nº 304, no bairro Três de Maio, em Capivari de Baixo/SC, constituído pela Área 3 do desmembramento de Mineração Tubarão Ltda., com a área de 284,50m², com as seguintes medidas e confrontações: frente ao Norte, mede 11,38m, faz com a Rua Dr. Antônio Alves; fundos ao Sul, mede 11,38m, faz com terras de Vanderlea Mendes Exterckorter Tavares e Edson de Souza Bittencourt; lateral Leste, mede 25"
Daniel Elias Garcia,NACIONAL,https://www.danielgarcialeiloes.com.br,Terreno,Capivari de Baixo,SC,"2.829.089,21",15/06/2026,https://24e53253961aecf7.cdn.gocache.net/watermark/bens/0000081294/img-81294-69e9fffcdb1f8.jpg,,https://www.danielgarcialeiloes.com.br/item/76854/detalhes,"Terreno Cidade: Capivari de Baixo/SC Descrição: Lote 26) 01 (um) terreno situado em Capivari de Baixo/SC, com área de 74.796,97m², com 124,04m de frente, por 173,85m de fundos, com as seguintes confrontações: frente, faz com a Estrada de Ferro Dona Tereza Cristina; fundos, com terras da Cerâmica Difrei Ltda., extremando de um lado, medindo 1.273,43m, com terras de Manoel Joaquim da Rosa; e de outro lado com mesma medida faz com o Loteamento Bairro Luz, matriculado sob o n. 1.807 no Ofício de Reg"
Daniel Elias Garcia,NACIONAL,https://www.danielgarcialeiloes.com.br,Apartamento e Vaga de Garagem,Tubarão,SC,"900.219,14",15/06/2026,https://24e53253961aecf7.cdn.gocache.net/watermark/bens/0000081295/img-81295-69ea000b2795b.jpeg,,https://www.danielgarcialeiloes.com.br/item/76855/detalhes,"Apartamento e Vaga de Garagem Cidade: Tubarão/SC Descrição: Lote 27) 01 (um) apartamento, n. 1003, localizado no 11º pavimento, do Edifício Montes Claros, sito à rua Padre Bernardo Freuser, 215, Centro, em Tubarão/SC, com a área real global de 533,73m²; área real privativa de 371,86m²; área real de uso comum de 161,87m²; área de fração ideal do solo de 97,10m²; índice de proporcionalidade 3,97%; e 02 (dois) box de garagens, de n. 11 e 12, matriculados sob o n. 12.613 no 1º Ofício de Registro de "
Daniel Elias Garcia,NACIONAL,https://www.danielgarcialeiloes.com.br,Terreno,Garuva,SC,"1.427.340,27",15/06/2026,https://24e53253961aecf7.cdn.gocache.net/watermark/bens/0000081297/img-81297-69ea001c47657.jpg,,https://www.danielgarcialeiloes.com.br/item/76856/detalhes,"Terreno Cidade: Garuva/SC Descrição: Lote 29) 01 (um) terreno situado no Quiriri, em Garuva/SC, rural, com área de 782.854,94m², localizado a 5.700,00m, da BR-280 ao lado da estrada da mesma, com uma distância de 300,00m, localizado na Divisa Intermunicipal - Garuva - Joinville com a seguinte descrição: tendo início no marco 8 Direção: 08 a 09 com uma distância de 750,00m, confrontando-se com terras de Germano Bergmann, deste segue até o ponto 0 com uma distância de 333,30m, confrontando-se com "
Daniel Elias Garcia,NACIONAL,https://www.danielgarcialeiloes.com.br,Terreno,Garuva,SC,"770.220,36",15/06/2026,https://24e53253961aecf7.cdn.gocache.net/watermark/bens/0000081298/img-81298-69ea002350727.jpg,,https://www.danielgarcialeiloes.com.br/item/76857/detalhes,"Terreno Cidade: Garuva/SC Descrição: Lote 30) 01 (um) terreno situado no Quiriri, em Garuva/SC, , com área de 312.462,62m², à 6.450,00m, da BR-280, que se segue por uma estrada sem denominação até o ponto 03, contendo as seguintes confrontações: Norte com 1.250,00m, com terras de Alfredo Stein, Sul, com 1.250,00m, com terras de Alfredo Stein, Leste com 250,00m, com terras devolutas, Oeste com 250,00m, com terras de Guilherme Indalencio, cadastrado no INCRA sob o n. 801.046.002.267-8, matriculado"
Daniel Elias Garcia,NACIONAL,https://www.danielgarcialeiloes.com.br,Terreno,Garuva,SC,"580.982,15",15/06/2026,https://24e53253961aecf7.cdn.gocache.net/watermark/bens/0000081299/img-81299-69ea00299757a.jpg,,https://www.danielgarcialeiloes.com.br/item/76858/detalhes,"Terreno Cidade: Garuva/SC Descrição: Lote 31) 01 (um) terreno rural, situado no Quiriri, em Garuva/SC, com área de 206.566,44m², localizado a 6.200,00m, da BR-280; que se segue por uma estrada sem denominação até o ponto 03, com as seguintes confrontações: Norte com 1.250,00m, com terras de Roland Streit, Leste com 166,50m, com terras de devolutas, Oeste com 166,50m com terras de Francisco Zacarias de Lima, dito imóvel conf. a Sul com 1.250,00m com terras de Romeu Indalêncio, cadastrado no INCRA"
