leiloeiro,junta,site,titulo,cidade,uf,preco,data_leilao,imagem,anexos,url
Deonizia Kiratch,JUCER/RR-RO,https://www.deonizialeiloes.com.br,"Sítio c/ 99,46 hectares - Ariquemes/RO",Ariquemes,RO,"20.000,00",18/06/2026,https://s3-sa-east-1.amazonaws.com/906de634c48fb7d34136160b4c353ae4/public/deonizialeiloes/layout/logo-header.png,https://s3-sa-east-1.amazonaws.com/906de634c48fb7d34136160b4c353ae4/core/aviso_cookies.pdf; https://s3-sa-east-1.amazonaws.com/906de634c48fb7d34136160b4c353ae4/public/anexo/1772823402.pdf; https://s3-sa-east-1.amazonaws.com/906de634c48fb7d34136160b4c353ae4/public/anexo/1772823420.pdf; https://s3-sa-east-1.amazonaws.com/906de634c48fb7d34136160b4c353ae4/public/anexo/1772823395.pdf,https://www.deonizialeiloes.com.br/leilao/index/leilao_id/95176/lote/202113
Deonizia Kiratch,JUCER/RR-RO,https://www.deonizialeiloes.com.br,"Parte ideal de 3,5 hectares - São Miguel do Guaporé/RO",Guaporé,RO,"1.000,00",18/06/2026,https://s3-sa-east-1.amazonaws.com/906de634c48fb7d34136160b4c353ae4/public/deonizialeiloes/layout/logo-header.png,https://s3-sa-east-1.amazonaws.com/906de634c48fb7d34136160b4c353ae4/core/aviso_cookies.pdf; https://s3-sa-east-1.amazonaws.com/906de634c48fb7d34136160b4c353ae4/public/anexo/1772823111.pdf; https://s3-sa-east-1.amazonaws.com/906de634c48fb7d34136160b4c353ae4/public/anexo/1772823120.pdf; https://s3-sa-east-1.amazonaws.com/906de634c48fb7d34136160b4c353ae4/public/anexo/1772823131.pdf,https://www.deonizialeiloes.com.br/leilao/index/leilao_id/95176/lote/202112
Deonizia Kiratch,JUCER/RR-RO,https://www.deonizialeiloes.com.br,"Casa c/ 120m² - Terreno c/ 307,23m² - Cacoal/RO",Cacoal,RO,"2.000,00",01/07/2026,https://s3-sa-east-1.amazonaws.com/906de634c48fb7d34136160b4c353ae4/public/deonizialeiloes/layout/logo-header.png,https://s3-sa-east-1.amazonaws.com/906de634c48fb7d34136160b4c353ae4/core/aviso_cookies.pdf; https://s3-sa-east-1.amazonaws.com/906de634c48fb7d34136160b4c353ae4/public/anexo/3888991779477120.pdf; https://s3-sa-east-1.amazonaws.com/906de634c48fb7d34136160b4c353ae4/public/anexo/3889001779477123.pdf; https://s3-sa-east-1.amazonaws.com/906de634c48fb7d34136160b4c353ae4/public/anexo/3889011779477126.pdf,https://www.deonizialeiloes.com.br/leilao/index/leilao_id/93732/lote/199628
Deonizia Kiratch,JUCER/RR-RO,https://www.deonizialeiloes.com.br,"Terreno com 641,08m² – Espigão do Oeste/RO",Oeste,RO,"2.000,00",01/07/2026,https://s3-sa-east-1.amazonaws.com/906de634c48fb7d34136160b4c353ae4/public/deonizialeiloes/layout/logo-header.png,https://s3-sa-east-1.amazonaws.com/906de634c48fb7d34136160b4c353ae4/core/aviso_cookies.pdf; https://s3-sa-east-1.amazonaws.com/906de634c48fb7d34136160b4c353ae4/public/anexo/1778603704.pdf; https://s3-sa-east-1.amazonaws.com/906de634c48fb7d34136160b4c353ae4/public/anexo/1778603714.pdf; https://s3-sa-east-1.amazonaws.com/906de634c48fb7d34136160b4c353ae4/public/anexo/1778603717.pdf,https://www.deonizialeiloes.com.br/leilao/index/leilao_id/93732/lote/199129
Deonizia Kiratch,JUCER/RR-RO,https://www.deonizialeiloes.com.br,"Edif. comercial - terreno c/ 721,31m² - Plácido de Castro/AC",Castro,AC,"10.000,00",11/06/2026,https://s3-sa-east-1.amazonaws.com/906de634c48fb7d34136160b4c353ae4/public/deonizialeiloes/layout/logo-header.png,https://s3-sa-east-1.amazonaws.com/906de634c48fb7d34136160b4c353ae4/core/aviso_cookies.pdf; https://s3-sa-east-1.amazonaws.com/906de634c48fb7d34136160b4c353ae4/public/anexo/1774869277.pdf; https://s3-sa-east-1.amazonaws.com/906de634c48fb7d34136160b4c353ae4/public/anexo/1774869298.pdf; https://s3-sa-east-1.amazonaws.com/906de634c48fb7d34136160b4c353ae4/public/anexo/1774869315.pdf,https://www.deonizialeiloes.com.br/leilao/index/leilao_id/94833/lote/201385
Deonizia Kiratch,JUCER/RR-RO,https://www.deonizialeiloes.com.br,"Edif. comercial - terreno c/ 721,31m² - Plácido de Castro/AC",Castro,AC,"10.000,00",11/06/2026,https://s3-sa-east-1.amazonaws.com/906de634c48fb7d34136160b4c353ae4/public/deonizialeiloes/layout/logo-header.png,https://s3-sa-east-1.amazonaws.com/906de634c48fb7d34136160b4c353ae4/core/aviso_cookies.pdf; https://s3-sa-east-1.amazonaws.com/906de634c48fb7d34136160b4c353ae4/public/anexo/1774869246.pdf; https://s3-sa-east-1.amazonaws.com/906de634c48fb7d34136160b4c353ae4/public/anexo/1774869201.pdf; https://s3-sa-east-1.amazonaws.com/906de634c48fb7d34136160b4c353ae4/public/anexo/1774885075.pdf,https://www.deonizialeiloes.com.br/leilao/index/leilao_id/94833/lote/201384
MGL Leiloes (Fernando/Jonas/Lucas Moreira),JUCER/RR,https://www.mgl.com.br,itauna mg — galpao com lote com 403m no universitario,Contagem,MG,"695.000,00",22/06/2026,https://www.facebook.com/tr?id=476681420035709&ev=PageView&noscript=1,,https://www.mgl.com.br/lote/itauna-mg-—-galpao-com-lote-com-403m_-no-universitario/166928/
MGL Leiloes (Fernando/Jonas/Lucas Moreira),JUCER/RR,https://www.mgl.com.br,SÃO JOÃO DAS MISSÕES/MG — Fazenda com 133.72.00 hectares no Cotidibas ou Traíras | Cód do leilão: ID06490/Lote 066 - JB34979 IMÓVEIS,Contagem,MG,"32.402,37",22/06/2026,https://www.facebook.com/tr?id=476681420035709&ev=PageView&noscript=1,,https://www.mgl.com.br/leilao/imoveis-mg/6490/
MGL Leiloes (Fernando/Jonas/Lucas Moreira),JUCER/RR,https://www.mgl.com.br,ALFENAS/MG — Casa 3 quartos e garagem no Jardim São Carlos. | Cód do leilão: ID06560/Lote 022 - JB0006037 IMÓVEIS,Contagem,MG,"127.605,96",07/07/2026,https://www.facebook.com/tr?id=476681420035709&ev=PageView&noscript=1,,https://www.mgl.com.br/leilao/imoveis-mg/6560/
MGL Leiloes (Fernando/Jonas/Lucas Moreira),JUCER/RR,https://www.mgl.com.br,"NOVA LIMA/MG – Casa com a área de 928,29m², situada em Alphaville Lagoa dos Ingleses Fase II | Cód do leilão: 05935/036-PA12522 IMÓVEIS",Contagem,MG,"3.000.000,00",22/06/2026,https://www.facebook.com/tr?id=476681420035709&ev=PageView&noscript=1,https://www.mgl.com.br/preview/f5ba75b8-64a1-49f3-aa69-af211451cae7.pdf,https://www.mgl.com.br/leilao/imoveis-para-investimento-mg/5935/
MGL Leiloes (Fernando/Jonas/Lucas Moreira),JUCER/RR,https://www.mgl.com.br,MACEIO/AL — Casa com 2 quartos e 1 Vaga na Garagem (8555533687864) | Cód do leilão: 0028/0226 /Lote 002 - AL002F IMÓVEIS,Contagem,MG,,15/07/2026,https://www.facebook.com/tr?id=476681420035709&ev=PageView&noscript=1,https://www.mgl.com.br/preview/df1f02af-da25-47f7-b371-0c671f431a4e.pdf,https://www.mgl.com.br/leilao/imoveis-brasil-afora-caixa-economica-federal/6659/
Hugo Moreira Pimenta,JUCER/RR,https://leiloesrionegro.com.br,casa area 1 152 m guaruja 122196,Manaus,AM,,02/07/2026,https://d3r4ngrkezrhn6.cloudfront.net/public/imoveis-in-out/tipo-leilao-2235/logo.png,,https://leiloesrionegro.com.br/imoveis/casa/casa-area-1-152-m-guaruja-122196
Hugo Moreira Pimenta,JUCER/RR,https://leiloesrionegro.com.br,"Resale Outlet Imobiliário Previous Next ID: 34783 Lote 2 Apto A.T. 142,30 m² - Santana, Porto Alegre/RS Praça Única Encerramento 22/06/2026 À vista R$ 426.000,00 Mais Informações",Manaus,AM,"426.000,00",22/06/2026,https://d3r4ngrkezrhn6.cloudfront.net/public/resale/fotos/imoveis/327x244/apartamento-misto-porto-alegre-673986-1.jpg,https://d3r4ngrkezrhn6.cloudfront.net/public/resale/cartoriocomprova/LOTE-121054_LEILAO-34953_1779476672.pdf,https://leiloesrionegro.com.br/imoveis/apartamento-misto/apto-a-t-142-30-m-santana-porto-alegre-rs-121054
Hugo Moreira Pimenta,JUCER/RR,https://leiloesrionegro.com.br,"Resale Outlet Imobiliário Previous Next ID: 34834 Lote 1 Casa - Auxiliadora, Porto Alegre/RS Praça Única Encerramento 22/06/2026 À vista R$ 558.000,00 Mais Informações",Manaus,AM,"558.000,00",22/06/2026,https://d3r4ngrkezrhn6.cloudfront.net/public/resale/fotos/imoveis/327x244/casa-porto-alegre-673944-1.jpg,https://d3r4ngrkezrhn6.cloudfront.net/public/resale/cartoriocomprova/LOTE-121103_LEILAO-34999_1780325208.pdf,https://leiloesrionegro.com.br/imoveis/casa/casa-auxiliadora-porto-alegre-rs-121103
Hugo Moreira Pimenta,JUCER/RR,https://leiloesrionegro.com.br,"Resale Outlet Imobiliário Previous Next ID: 34705 Lote 5 Apto - Taquara, Rio de Janeiro/RJ Praça Única Encerramento 15/06/2026 À vista R$ 113.552,82 Mais Informações",Manaus,AM,"113.552,82",15/06/2026,https://d3r4ngrkezrhn6.cloudfront.net/public/resale/fotos/imoveis/327x244/apartamento-misto-rio-de-janeiro-673968-1.jpg,https://d3r4ngrkezrhn6.cloudfront.net/public/resale/cartoriocomprova/LOTE-120704_LEILAO-34870_1778865277.pdf,https://leiloesrionegro.com.br/imoveis/apartamento-misto/apto-taquara-rio-de-janeiro-rj-120704
Hugo Moreira Pimenta,JUCER/RR,https://leiloesrionegro.com.br,"Tribunal de Justiça Previous Next ID: 34900 Lote 1 Fração de 25% de um Sítio Alq. 3,8, Quadras/SP 1ª Praça Encerramento 02/07/2026 Entrada R$ 192.021,37 Parcela: 30x R$ 19.202,14 Mais Informações",Quadras,SP,"192.021,37",02/07/2026,https://d3r4ngrkezrhn6.cloudfront.net/public/bomvalorjudicial/fotos/imoveis/327x244/sitio-quadra-centro-849393-1.jpg,https://d3r4ngrkezrhn6.cloudfront.net/public/bomvalorjudicial/cartoriocomprova/LOTE-121110_LEILAO-35065_1779731385.pdf,https://leiloesrionegro.com.br/imoveis/fazenda-sitio-chacara/fracao-de-25-de-um-sitio-alq-3-8-quadras-sp-121110
Hugo Moreira Pimenta,JUCER/RR,https://leiloesrionegro.com.br,"Iniciativa Particular Previous Next ID: 35313 Lote 1 Apto A.T. 58,56 m² - Chác. São José, Franco da Rocha/SP Praça Única Encerramento 30/07/2026 À vista R$ 200.000,00 Mais Informações",Rocha,SP,"200.000,00",30/07/2026,https://d3r4ngrkezrhn6.cloudfront.net/public/imoveis-in-out/fotos/imoveis/327x244/apartamento_franco_da_rocha_chacara_sao_jose-976357-1.jpg,https://d3r4ngrkezrhn6.cloudfront.net/public/imoveis-in-out/cartoriocomprova/LOTE-117379_LEILAO-34728_1777057209.pdf,https://leiloesrionegro.com.br/imoveis/apartamento/apto-a-t-58-56-m-chac-sao-jose-franco-da-rocha-sp-121938
Hugo Moreira Pimenta,JUCER/RR,https://leiloesrionegro.com.br,"Resale Outlet Imobiliário Previous Next ID: 34661 Lote 1 Terreno A.T. 43.389,03 m² - Fuad Razuk, Pederneiras/SP 2ª Praça Encerramento 12/06/2026 À vista R$ 5.084.845,31 Mais Informações",Pederneiras,SP,"5.084.845,31",12/06/2026,https://d3r4ngrkezrhn6.cloudfront.net/public/resale/fotos/imoveis/327x244/lote-comercial-pederneiras-933500-1.jpg,https://d3r4ngrkezrhn6.cloudfront.net/public/resale/cartoriocomprova/LOTE-118519_LEILAO-34826_1778681604.pdf,https://leiloesrionegro.com.br/imoveis/lote-comercial/terreno-a-t-43-389-03-m-fuad-razuk-pederneiras-sp-118519
Hugo Moreira Pimenta,JUCER/RR,https://leiloesrionegro.com.br,"Resale Outlet Imobiliário Previous Next ID: 34706 Lote 3 Casa A.T. 249,9 m² - Jd. Bela Vista, Formosa/GO Praça Única Encerramento 15/06/2026 À vista R$ 392.473,12 Mais Informações",Formosa,GO,"392.473,12",15/06/2026,https://d3r4ngrkezrhn6.cloudfront.net/public/resale/fotos/imoveis/327x244/casa-formosa-860154-1.jpg,https://d3r4ngrkezrhn6.cloudfront.net/public/resale/cartoriocomprova/LOTE-120699_LEILAO-34871_1778864475.pdf,https://leiloesrionegro.com.br/imoveis/casa/casa-a-t-249-9-m-jd-bela-vista-formosa-go-120699
Hugo Moreira Pimenta,JUCER/RR,https://leiloesrionegro.com.br,"Resale Outlet Imobiliário Previous Next ID: 34705 Lote 1 Apto - Ed. Chamonix, Icaraí, Niterói/RJ Praça Única Encerramento 15/06/2026 À vista R$ 331.723,91 Mais Informações",Manaus,AM,"331.723,91",15/06/2026,https://d3r4ngrkezrhn6.cloudfront.net/public/resale/fotos/imoveis/327x244/apartamento-misto-niteroi-673952-1.jpg,https://d3r4ngrkezrhn6.cloudfront.net/public/resale/cartoriocomprova/LOTE-120700_LEILAO-34870_1778864855.pdf,https://leiloesrionegro.com.br/imoveis/apartamento-misto/apto-ed-chamonix-icarai-niteroi-rj-120700
Hugo Moreira Pimenta,JUCER/RR,https://leiloesrionegro.com.br,"Resale Outlet Imobiliário Previous Next ID: 34705 Lote 6 Apto - Galo Branco, São Gonçalo/RJ Praça Única Encerramento 15/06/2026 À vista R$ 60.000,00 Mais Informações",Manaus,AM,"60.000,00",15/06/2026,https://d3r4ngrkezrhn6.cloudfront.net/public/resale/fotos/imoveis/327x244/casa-sao-goncalo-673973-1.jpg,https://d3r4ngrkezrhn6.cloudfront.net/public/resale/cartoriocomprova/LOTE-120705_LEILAO-34870_1778865371.pdf,https://leiloesrionegro.com.br/imoveis/casa/apto-galo-branco-sao-goncalo-rj-120705
Hugo Moreira Pimenta,JUCER/RR,https://leiloesrionegro.com.br,"Resale Outlet Imobiliário Previous Next ID: 34705 Lote 7 Casa A.T. 200 m² - Vila Nova Mazzei, São Paulo/SP Praça Única Encerramento 15/06/2026 À vista R$ 417.900,00 Mais Informações",São Paulo,SP,"417.900,00",15/06/2026,https://d3r4ngrkezrhn6.cloudfront.net/public/resale/fotos/imoveis/327x244/casa-sao-paulo-673978-1.jpg,https://d3r4ngrkezrhn6.cloudfront.net/public/resale/cartoriocomprova/LOTE-120706_LEILAO-34870_1778865452.pdf,https://leiloesrionegro.com.br/imoveis/casa/casa-a-t-200-m-vila-nova-mazzei-sao-paulo-sp-120706
Brian Galvao Frota,JUCER/RR,https://www.gfleiloes.com.br,apartamento area privativa de 77350m2 vila sonia sp,Manaus,AM,"648.449,27",24/06/2026,https://www.gfleiloes.com.br/Themes/DefaultClean/Content/images/header/logo.png,https://www.gfleiloes.com.br/preview/b49202c3-0783-4976-9cdb-3794cdef2710.pdf; https://www.gfleiloes.com.br/preview/096112e6-cb83-4905-a75d-87c47c9b1234.pdf; https://www.gfleiloes.com.br/preview/c9218b5e-be71-4917-883e-0776fc85d02d.pdf,https://www.gfleiloes.com.br/lote/apartamento-area-privativa-de-77350m2-vila-sonia-sp/240/
Brian Galvao Frota,JUCER/RR,https://www.gfleiloes.com.br,apartamento area de 51m tucuruvi sao paulo sp,Manaus,AM,"262.500,00",09/09/2026,https://www.gfleiloes.com.br/Themes/DefaultClean/Content/images/header/logo.png,https://www.gfleiloes.com.br/preview/5dee4f32-1bb1-4429-a64b-21a0b1a39614.pdf; https://www.gfleiloes.com.br/preview/7d7a7557-6b98-4617-ac21-dbc9f9e629f8.pdf,https://www.gfleiloes.com.br/lote/apartamento-area-de-51m_-tucuruvi-sao-paulo-sp/239/
Rafael Galvani Ferreira,JUCER/RR,https://www.galvanileiloes.com.br,JUSTIÇA ESTADUAL DE MACAPÁ/AP - 4ª VARA CÍVEL E DE FAZENDA PÚBLICA,Maringa,PR,"8.000,00",12/06/2026,https://s3-sa-east-1.amazonaws.com/906de634c48fb7d34136160b4c353ae4/public/banner_leilao/34593_17700338211.jpg,,https://www.galvanileiloes.com.br/leilao/index/leilao_id/94863/lote/201440
Rafael Galvani Ferreira,JUCER/RR,https://www.galvanileiloes.com.br,"JUSTIÇA ESTADUAL DE ARAGUATINS/TO - VARA CÍVEL, DOS FEITOS DA FAZENDA E REGISTROS PÚBLICOS",Maringa,PR,"37.000,00",22/06/2026,https://s3-sa-east-1.amazonaws.com/906de634c48fb7d34136160b4c353ae4/public/banner_leilao/37430_17762564061.jpg,,https://www.galvanileiloes.com.br/leilao/index/leilao_id/95262/lote/202292
Rafael Galvani Ferreira,JUCER/RR,https://www.galvanileiloes.com.br,Terreno com 5.000m² – Boa Vista/RR,Boa Vista,RR,"2.000,00",17/06/2026,https://www.facebook.com/tr?ev=6019373839159&cd[value]=0.00&cd[currency]=BRL&noscript=1,https://s3-sa-east-1.amazonaws.com/906de634c48fb7d34136160b4c353ae4/core/aviso_cookies.pdf; https://s3-sa-east-1.amazonaws.com/906de634c48fb7d34136160b4c353ae4/public/anexo/3848061778761458.pdf; https://s3-sa-east-1.amazonaws.com/906de634c48fb7d34136160b4c353ae4/public/anexo/3848101778761468.pdf; https://s3-sa-east-1.amazonaws.com/906de634c48fb7d34136160b4c353ae4/public/anexo/3848131778761473.pdf,https://www.galvanileiloes.com.br/leilao/index/leilao_id/95156/lote/202069
Rafael Galvani Ferreira,JUCER/RR,https://www.galvanileiloes.com.br,Terreno com 5.000m² – Boa Vista/RR,Boa Vista,RR,"2.000,00",17/06/2026,https://www.facebook.com/tr?ev=6019373839159&cd[value]=0.00&cd[currency]=BRL&noscript=1,https://s3-sa-east-1.amazonaws.com/906de634c48fb7d34136160b4c353ae4/core/aviso_cookies.pdf; https://s3-sa-east-1.amazonaws.com/906de634c48fb7d34136160b4c353ae4/public/anexo/3848391778762286.pdf; https://s3-sa-east-1.amazonaws.com/906de634c48fb7d34136160b4c353ae4/public/anexo/3848401778762288.pdf; https://s3-sa-east-1.amazonaws.com/906de634c48fb7d34136160b4c353ae4/public/anexo/3848411778762291.pdf,https://www.galvanileiloes.com.br/leilao/index/leilao_id/95156/lote/202068
Rafael Galvani Ferreira,JUCER/RR,https://www.galvanileiloes.com.br,"Imóvel Comercial - Terreno c/ 445,50m² - Gurupi/TO",Gurupi,TO,"2.000,00",18/06/2026,https://www.facebook.com/tr?ev=6019373839159&cd[value]=0.00&cd[currency]=BRL&noscript=1,https://s3-sa-east-1.amazonaws.com/906de634c48fb7d34136160b4c353ae4/core/aviso_cookies.pdf; https://s3-sa-east-1.amazonaws.com/906de634c48fb7d34136160b4c353ae4/public/anexo/1776110345.pdf; https://s3-sa-east-1.amazonaws.com/906de634c48fb7d34136160b4c353ae4/public/anexo/1776110368.pdf; https://s3-sa-east-1.amazonaws.com/906de634c48fb7d34136160b4c353ae4/public/anexo/1776110356.pdf,https://www.galvanileiloes.com.br/leilao/index/leilao_id/95157/lote/202070
Daniel Elias Garcia,JUCER/RR-RO,https://www.danielgarcialeiloes.com.br,Sala Comercial,Florianópolis,SC,"588.000,00",06/07/2026,https://www.facebook.com/tr?id=1276372359398047&ev=PageView&noscript=1,https://danielgarcialeiloes.com.br/item/76684/detalhes?page=1,https://danielgarcialeiloes.com.br/item/76684/detalhes?page=1
Daniel Elias Garcia,JUCER/RR-RO,https://www.danielgarcialeiloes.com.br,Sala Comercial,Florianópolis,SC,"451.500,00",06/07/2026,https://www.facebook.com/tr?id=1276372359398047&ev=PageView&noscript=1,https://danielgarcialeiloes.com.br/item/76685/detalhes?page=1,https://danielgarcialeiloes.com.br/item/76685/detalhes?page=1
Daniel Elias Garcia,JUCER/RR-RO,https://www.danielgarcialeiloes.com.br,Sala Comercial,Chapecó,SC,"413.000,00",06/07/2026,https://www.facebook.com/tr?id=1276372359398047&ev=PageView&noscript=1,https://danielgarcialeiloes.com.br/item/76686/detalhes?page=1,https://danielgarcialeiloes.com.br/item/76686/detalhes?page=1
Daniel Elias Garcia,JUCER/RR-RO,https://www.danielgarcialeiloes.com.br,Sala Comercial,Joinville,SC,"199.500,00",06/07/2026,https://www.facebook.com/tr?id=1276372359398047&ev=PageView&noscript=1,https://danielgarcialeiloes.com.br/item/76687/detalhes?page=1,https://danielgarcialeiloes.com.br/item/76687/detalhes?page=1
Daniel Elias Garcia,JUCER/RR-RO,https://www.danielgarcialeiloes.com.br,Sala Comercial e Vaga de Garagem,Joinville,SC,"199.500,00",06/07/2026,https://www.facebook.com/tr?id=1276372359398047&ev=PageView&noscript=1,https://danielgarcialeiloes.com.br/item/76688/detalhes?page=1,https://danielgarcialeiloes.com.br/item/76688/detalhes?page=1
Carlos Henrique Barbosa,JUCER/RR-RO,https://www.chbarbosaleiloes.com.br,fazenda agricola elo verde,Cuiaba,MT,"39.823.359,33",15/07/2026,https://www.chbarbosaleiloes.com.br/imagens/50x50/745561ae-ea42-40ff-a929-cb5870c95fd4.jpg?NotMA,https://www.chbarbosaleiloes.com.br/previewleilao/57/f113face-7dd6-4964-b474-d985f756f7d4.pdf; https://www.chbarbosaleiloes.com.br/downloadleilao/57/f113face-7dd6-4964-b474-d985f756f7d4.pdf; https://www.chbarbosaleiloes.com.br/previewleilao/57/d23b38da-dbb0-493d-9d1a-e894e15bd367.PDF; https://www.chbarbosaleiloes.com.br/downloadleilao/57/d23b38da-dbb0-493d-9d1a-e894e15bd367.PDF; https://www.chbarbosaleiloes.com.br/previewlote/57/95/4ee30815-eb05-4505-be1f-d8b985df1ccd.PDF; https://www.chbarbosaleiloes.com.br/downloadlote/57/95/4ee30815-eb05-4505-be1f-d8b985df1ccd.PDF,https://www.chbarbosaleiloes.com.br/lote/fazenda-agricola-elo-verde/95/
Carlos Henrique Barbosa,JUCER/RR-RO,https://www.chbarbosaleiloes.com.br,imovel rural com 538 hectares vila rica,Cuiaba,MT,"5.608.329,86",15/06/2026,https://www.chbarbosaleiloes.com.br/imagens/50x50/745561ae-ea42-40ff-a929-cb5870c95fd4.jpg?NotMA,https://www.chbarbosaleiloes.com.br/previewleilao/89/beebba85-70a4-4501-8b6a-7f4e3b3a91b3.pdf; https://www.chbarbosaleiloes.com.br/downloadleilao/89/beebba85-70a4-4501-8b6a-7f4e3b3a91b3.pdf; https://www.chbarbosaleiloes.com.br/previewlote/89/135/756cf44b-5369-4776-8952-f734d79529e5.PDF; https://www.chbarbosaleiloes.com.br/downloadlote/89/135/756cf44b-5369-4776-8952-f734d79529e5.PDF; https://www.chbarbosaleiloes.com.br/previewlote/89/135/71588c89-4a89-4adb-bb57-1e30bed6f223.pdf; https://www.chbarbosaleiloes.com.br/downloadlote/89/135/71588c89-4a89-4adb-bb57-1e30bed6f223.pdf,https://www.chbarbosaleiloes.com.br/lote/imovel-rural-com-538-hectares-vila-rica/135/
Carlos Henrique Barbosa,JUCER/RR-RO,https://www.chbarbosaleiloes.com.br,fazenda agricola elo verde,Cuiaba,MT,"32.247.615,72",15/07/2026,https://www.chbarbosaleiloes.com.br/Themes/DefaultClean/Content/images/header/logo.png,https://www.chbarbosaleiloes.com.br/previewleilao/57/f113face-7dd6-4964-b474-d985f756f7d4.pdf; https://www.chbarbosaleiloes.com.br/downloadleilao/57/f113face-7dd6-4964-b474-d985f756f7d4.pdf; https://www.chbarbosaleiloes.com.br/previewleilao/57/d23b38da-dbb0-493d-9d1a-e894e15bd367.PDF; https://www.chbarbosaleiloes.com.br/downloadleilao/57/d23b38da-dbb0-493d-9d1a-e894e15bd367.PDF; https://www.chbarbosaleiloes.com.br/previewlote/57/96/18eb2ec0-7396-4e81-9317-f96ac54fdcc0.PDF; https://www.chbarbosaleiloes.com.br/downloadlote/57/96/18eb2ec0-7396-4e81-9317-f96ac54fdcc0.PDF,https://www.chbarbosaleiloes.com.br/lote/fazenda-agricola-elo-verde/96/
Leiloes Aguiar (Vera Lucia/Vera Maria),JUCER/RO,https://www.leiloesaguiar.com.br,TERRENO NO LOTEAMENTO RESIDENCIAL ORLEANS EM JARU,Porto Velho,RO,"280.000,00",17/06/2026,https://85905567621fd890.cdn.gocache.net/leiloes/002638-6a2041dde8e4c,https://www.leiloesaguiar.com.br/leilao/2638/lotes,https://www.leiloesaguiar.com.br/leilao/2638/lotes
Leiloes Aguiar (Vera Lucia/Vera Maria),JUCER/RO,https://www.leiloesaguiar.com.br,APARTAMENTO EM CUIABÁ,Porto Velho,RO,,30/07/2026,https://85905567621fd890.cdn.gocache.net/leiloes/000000-6914b13602e79.jpg,,https://www.leiloesaguiar.com.br/leilao/2403/lotes
Leiloes Aguiar (Vera Lucia/Vera Maria),JUCER/RO,https://www.leiloesaguiar.com.br,"Envie sua proposta até: 31/07/2026 às 10:00 IMÓVEL COM ÁREA DE 400,00 M², MATRÍCULA Nº 23.654, LOCALIZADO NA RUA DOM AUGUSTO, Nº 244, CENTRO, JI-PARANÁ/RO.",Porto Velho,RO,,31/07/2026,,https://www.leiloesaguiar.com.br/leilao/1056/lotes,https://www.leiloesaguiar.com.br/leilao/1056/lotes
Leiloes Aguiar (Vera Lucia/Vera Maria),JUCER/RO,https://www.leiloesaguiar.com.br,"Envie sua proposta até: 31/07/2026 às 10:20 IMÓVEL COM POTENCIAL PARA 06 LOCAÇÕES, SENDO 05 SALAS COMERCIAIS E 01 APARTAMENTO COM 04 SUÍTES, GARAGEM COBERTA E PRIVATIVA PARA 03 VEÍCULOS.",Porto Velho,RO,,31/07/2026,,,https://www.leiloesaguiar.com.br/leilao/1722/lotes
Leiloes Aguiar (Vera Lucia/Vera Maria),JUCER/RO,https://www.leiloesaguiar.com.br,"Envie sua proposta até: 31/07/2026 às 10:30 APARTAMENTO REFORMADO E MOBILIADO, CONDOMÍNIO MIAMI BEACH - BALNEÁRIO CAMBORIÚ – SC. LANCE INICIAL R$ 650.000,00.",Porto Velho,RO,"650.000,00",31/07/2026,,,https://www.leiloesaguiar.com.br/leilao/1755/lotes
Leiloes Aguiar (Vera Lucia/Vera Maria),JUCER/RO,https://www.leiloesaguiar.com.br,TERRENO NO LOTEAMENTO RESIDENCIAL ORLEANS EM JARU,Jaru,RO,"196.000,00",17/06/2026,https://www.leiloesaguiar.com.br/site/images/logo-header.png?modified=1781020185,https://85905567621fd890.cdn.gocache.net/leiloes/0000002638/arquivos/edital-de-leilao-6a03475e63f10.pdf; https://85905567621fd890.cdn.gocache.net/bens/0000005820/edital-de-leilao-69f0e55eba3b1.pdf,https://www.leiloesaguiar.com.br/item/5848/detalhes?page=1
Patricia Pimentel Grocoski Costa,JUCER/RO,https://www.pimentelleiloes.com.br,IMÓVEL RESIDENCIAL COM APROXIMADAMENTE 760M² EM ARIQUEMES/RO,Porto Velho,RO,,27/07/2026,https://d1naai9xkx6due.cloudfront.net/comitentes/000077-credisis-crediari-coop-de-credito-ltda-666b6293380e4.png,,https://www.pimentelleiloes.com.br/item/3861/detalhes
Patricia Pimentel Grocoski Costa,JUCER/RO,https://www.pimentelleiloes.com.br,IMÓVEL COM APROXIMADAMENTE 235m² EM PORTO VELHO/RO,Porto Velho,RO,"84.600,00",10/06/2026,https://www.facebook.com/tr?id=545966764258624&ev=PageView&noscript=1,https://d1naai9xkx6due.cloudfront.net/leiloes/0000001450/arquivos/edital-69f0a75cc49b7.pdf,https://www.pimentelleiloes.com.br/item/3875/detalhes?page=1
Patricia Pimentel Grocoski Costa,JUCER/RO,https://www.pimentelleiloes.com.br,IMÓVEL RESIDENCIAL COM 5 APARTAMENTOS EM PORTO VELHO/RO,Porto Velho,RO,"162.332,80",10/06/2026,https://www.facebook.com/tr?id=545966764258624&ev=PageView&noscript=1,https://d1naai9xkx6due.cloudfront.net/leiloes/0000001450/arquivos/edital-69f0a75cc49b7.pdf,https://www.pimentelleiloes.com.br/item/3876/detalhes?page=1
Patricia Pimentel Grocoski Costa,JUCER/RO,https://www.pimentelleiloes.com.br,"IMÓVEL COM 8.855,07m² em CAMPO GRANDE/MS",Porto Velho,RO,"1.165.000,00",25/06/2026,https://www.facebook.com/tr?id=545966764258624&ev=PageView&noscript=1,https://www.pimentelleiloes.com.br/item/3199/detalhes?page=1,https://www.pimentelleiloes.com.br/item/3199/detalhes?page=1
Patricia Pimentel Grocoski Costa,JUCER/RO,https://www.pimentelleiloes.com.br,"Apartamento com 122,66m² situado na Rua Santana, 904, Ap. 4-B em Campo Grande/MS",Porto Velho,RO,"279.000,00",25/06/2026,https://www.facebook.com/tr?id=545966764258624&ev=PageView&noscript=1,https://www.pimentelleiloes.com.br/item/3854/detalhes?page=1,https://www.pimentelleiloes.com.br/item/3854/detalhes?page=1
Patricia Pimentel Grocoski Costa,JUCER/RO,https://www.pimentelleiloes.com.br,IMÓVEL RESIDENCIAL COM APROXIMADAMENTE 760M² EM ARIQUEMES/RO - ACEITA PARCELAMENTO,Ariquemes,RO,"2.868.830,36",27/07/2026,https://www.facebook.com/tr?id=545966764258624&ev=PageView&noscript=1,https://www.pimentelleiloes.com.br/item/3861/detalhes?page=1,https://www.pimentelleiloes.com.br/item/3861/detalhes?page=1
Patricia Pimentel Grocoski Costa,JUCER/RO,https://www.pimentelleiloes.com.br,"IMÓVEL COM 8.855,07m² em CAMPO GRANDE/MS",Porto Velho,RO,"1.165.000,00",25/06/2026,https://www.facebook.com/tr?id=545966764258624&ev=PageView&noscript=1,https://pimentelleiloes.com.br/item/3199/detalhes?page=1,https://pimentelleiloes.com.br/item/3199/detalhes?page=1
Patricia Pimentel Grocoski Costa,JUCER/RO,https://www.pimentelleiloes.com.br,"Apartamento com 122,66m² situado na Rua Santana, 904, Ap. 4-B em Campo Grande/MS",Porto Velho,RO,"279.000,00",25/06/2026,https://www.facebook.com/tr?id=545966764258624&ev=PageView&noscript=1,https://pimentelleiloes.com.br/item/3854/detalhes?page=1,https://pimentelleiloes.com.br/item/3854/detalhes?page=1
Fernando Caetano Moreira Filho,JUCER/RO,https://www.fernandoleiloeiro.com.br,"SANTANA DO JACARÉ/MG — Casa com lote de 169,15,50m² no Centro | Cód do leilão: ID06490/Lote 083 - JB36950 IMÓVEIS",Contagem,MG,"32.402,37",22/06/2026,https://www.facebook.com/tr?id=476681420035709&ev=PageView&noscript=1,,https://www.fernandoleiloeiro.com.br/leilao/imoveis-mg/6490/
Fernando Caetano Moreira Filho,JUCER/RO,https://www.fernandoleiloeiro.com.br,ALFENAS/MG — Casa 3 quartos e garagem no Jardim São Carlos. | Cód do leilão: ID06560/Lote 022 - JB0006037 IMÓVEIS,Contagem,MG,"127.605,96",07/07/2026,https://www.facebook.com/tr?id=476681420035709&ev=PageView&noscript=1,,https://www.fernandoleiloeiro.com.br/leilao/imoveis-mg/6560/
Thais Costa Bastos Teixeira,JUCER/RO,https://www.thaisteixeiraleiloes.com.br,"Chácara c/ 8,11 hectares - Poços de Caldas/MG",Caldas,MG,"30.000,00",17/06/2026,https://s3-sa-east-1.amazonaws.com/906de634c48fb7d34136160b4c353ae4/public/thaisteixeiraleiloes/layout/logo-header.png,https://s3-sa-east-1.amazonaws.com/906de634c48fb7d34136160b4c353ae4/core/aviso_cookies.pdf; https://s3-sa-east-1.amazonaws.com/906de634c48fb7d34136160b4c353ae4/public/anexo/1774638725.pdf; https://s3-sa-east-1.amazonaws.com/906de634c48fb7d34136160b4c353ae4/public/anexo/1735926748.pdf; https://s3-sa-east-1.amazonaws.com/906de634c48fb7d34136160b4c353ae4/public/anexo/1735926738.pdf,https://www.thaisteixeiraleiloes.com.br/leilao/index/leilao_id/95108/lote/201909
Thais Costa Bastos Teixeira,JUCER/RO,https://www.thaisteixeiraleiloes.com.br,"Direitos - Unidade Residencial c/43,73m²- Poços de Caldas/MG",Caldas,MG,"1.000,00",17/06/2026,https://s3-sa-east-1.amazonaws.com/906de634c48fb7d34136160b4c353ae4/public/thaisteixeiraleiloes/layout/logo-header.png,https://s3-sa-east-1.amazonaws.com/906de634c48fb7d34136160b4c353ae4/core/aviso_cookies.pdf; https://s3-sa-east-1.amazonaws.com/906de634c48fb7d34136160b4c353ae4/public/anexo/1774639380.pdf; https://s3-sa-east-1.amazonaws.com/906de634c48fb7d34136160b4c353ae4/public/anexo/1774639468.pdf; https://s3-sa-east-1.amazonaws.com/906de634c48fb7d34136160b4c353ae4/public/anexo/1774639409.pdf,https://www.thaisteixeiraleiloes.com.br/leilao/index/leilao_id/95108/lote/201913
Thais Costa Bastos Teixeira,JUCER/RO,https://www.thaisteixeiraleiloes.com.br,Casa - Terreno c/ 160m² - Poços de Caldas/MG,Caldas,MG,"2.000,00",17/06/2026,https://s3-sa-east-1.amazonaws.com/906de634c48fb7d34136160b4c353ae4/public/thaisteixeiraleiloes/layout/logo-header.png,https://s3-sa-east-1.amazonaws.com/906de634c48fb7d34136160b4c353ae4/core/aviso_cookies.pdf; https://s3-sa-east-1.amazonaws.com/906de634c48fb7d34136160b4c353ae4/public/anexo/1775661130.pdf; https://s3-sa-east-1.amazonaws.com/906de634c48fb7d34136160b4c353ae4/public/anexo/1775661161.pdf; https://s3-sa-east-1.amazonaws.com/906de634c48fb7d34136160b4c353ae4/public/anexo/1775661148.pdf,https://www.thaisteixeiraleiloes.com.br/leilao/index/leilao_id/95108/lote/201911
Thais Costa Bastos Teixeira,JUCER/RO,https://www.thaisteixeiraleiloes.com.br,"Casa - Terreno c/ aprox. 169,80m² - Poços de Caldas/MG",Caldas,MG,"2.000,00",17/06/2026,https://s3-sa-east-1.amazonaws.com/906de634c48fb7d34136160b4c353ae4/public/thaisteixeiraleiloes/layout/logo-header.png,https://s3-sa-east-1.amazonaws.com/906de634c48fb7d34136160b4c353ae4/core/aviso_cookies.pdf; https://s3-sa-east-1.amazonaws.com/906de634c48fb7d34136160b4c353ae4/public/anexo/1776260449.pdf; https://s3-sa-east-1.amazonaws.com/906de634c48fb7d34136160b4c353ae4/public/anexo/1776260649.pdf; https://s3-sa-east-1.amazonaws.com/906de634c48fb7d34136160b4c353ae4/public/anexo/1776260463.pdf,https://www.thaisteixeiraleiloes.com.br/leilao/index/leilao_id/95108/lote/201910
Thais Costa Bastos Teixeira,JUCER/RO,https://www.thaisteixeiraleiloes.com.br,Terreno c/ 720m² - Campo Belo/MG,Campo Belo,MG,"2.000,00",22/06/2026,https://s3-sa-east-1.amazonaws.com/906de634c48fb7d34136160b4c353ae4/public/thaisteixeiraleiloes/layout/logo-header.png,https://s3-sa-east-1.amazonaws.com/906de634c48fb7d34136160b4c353ae4/core/aviso_cookies.pdf; https://s3-sa-east-1.amazonaws.com/906de634c48fb7d34136160b4c353ae4/public/anexo/1777567710.pdf; https://s3-sa-east-1.amazonaws.com/906de634c48fb7d34136160b4c353ae4/public/anexo/1777567676.pdf; https://s3-sa-east-1.amazonaws.com/906de634c48fb7d34136160b4c353ae4/public/anexo/1777567691.pdf,https://www.thaisteixeiraleiloes.com.br/leilao/index/leilao_id/38228/lote/135192
Thais Costa Bastos Teixeira,JUCER/RO,https://www.thaisteixeiraleiloes.com.br,"Apartamento 102 - 108,85m² - Campo Belo/MG",Campo Belo,MG,"2.000,00",22/06/2026,https://s3-sa-east-1.amazonaws.com/906de634c48fb7d34136160b4c353ae4/public/thaisteixeiraleiloes/layout/logo-header.png,https://s3-sa-east-1.amazonaws.com/906de634c48fb7d34136160b4c353ae4/core/aviso_cookies.pdf; https://s3-sa-east-1.amazonaws.com/906de634c48fb7d34136160b4c353ae4/public/anexo/1777573256.pdf; https://s3-sa-east-1.amazonaws.com/906de634c48fb7d34136160b4c353ae4/public/anexo/1753192656.pdf; https://s3-sa-east-1.amazonaws.com/906de634c48fb7d34136160b4c353ae4/public/anexo/1753192632.pdf,https://www.thaisteixeiraleiloes.com.br/leilao/index/leilao_id/38228/lote/135209
Thais Costa Bastos Teixeira,JUCER/RO,https://www.thaisteixeiraleiloes.com.br,"Sala Comercial n°03 c/ 51,90m² - Campo Belo/MG",Campo Belo,MG,"1.000,00",22/06/2026,https://s3-sa-east-1.amazonaws.com/906de634c48fb7d34136160b4c353ae4/public/thaisteixeiraleiloes/layout/logo-header.png,https://s3-sa-east-1.amazonaws.com/906de634c48fb7d34136160b4c353ae4/core/aviso_cookies.pdf; https://s3-sa-east-1.amazonaws.com/906de634c48fb7d34136160b4c353ae4/public/anexo/1777573326.pdf; https://s3-sa-east-1.amazonaws.com/906de634c48fb7d34136160b4c353ae4/public/anexo/1753193242.pdf; https://s3-sa-east-1.amazonaws.com/906de634c48fb7d34136160b4c353ae4/public/anexo/1753193219.pdf,https://www.thaisteixeiraleiloes.com.br/leilao/index/leilao_id/38228/lote/135208
Thais Costa Bastos Teixeira,JUCER/RO,https://www.thaisteixeiraleiloes.com.br,"Sala Comercial nº02 c/ 30,64m² - Campo Belo/MG",Campo Belo,MG,"1.000,00",22/06/2026,https://s3-sa-east-1.amazonaws.com/906de634c48fb7d34136160b4c353ae4/public/thaisteixeiraleiloes/layout/logo-header.png,https://s3-sa-east-1.amazonaws.com/906de634c48fb7d34136160b4c353ae4/core/aviso_cookies.pdf; https://s3-sa-east-1.amazonaws.com/906de634c48fb7d34136160b4c353ae4/public/anexo/1777573395.pdf; https://s3-sa-east-1.amazonaws.com/906de634c48fb7d34136160b4c353ae4/public/anexo/1753193892.pdf; https://s3-sa-east-1.amazonaws.com/906de634c48fb7d34136160b4c353ae4/public/anexo/1753193884.pdf,https://www.thaisteixeiraleiloes.com.br/leilao/index/leilao_id/38228/lote/135206
Thais Costa Bastos Teixeira,JUCER/RO,https://www.thaisteixeiraleiloes.com.br,"Casa c/ 166,60m² - Terreno c/ 330,00 m² - Campo Belo/MG",Campo Belo,MG,"2.000,00",22/06/2026,https://s3-sa-east-1.amazonaws.com/906de634c48fb7d34136160b4c353ae4/public/thaisteixeiraleiloes/layout/logo-header.png,https://s3-sa-east-1.amazonaws.com/906de634c48fb7d34136160b4c353ae4/core/aviso_cookies.pdf; https://s3-sa-east-1.amazonaws.com/906de634c48fb7d34136160b4c353ae4/public/anexo/3866281779128359.pdf; https://s3-sa-east-1.amazonaws.com/906de634c48fb7d34136160b4c353ae4/public/anexo/3869001779191284.pdf; https://s3-sa-east-1.amazonaws.com/906de634c48fb7d34136160b4c353ae4/public/anexo/3869011779191319.pdf,https://www.thaisteixeiraleiloes.com.br/leilao/index/leilao_id/38228/lote/200066
Thais Costa Bastos Teixeira,JUCER/RO,https://www.thaisteixeiraleiloes.com.br,"Barracão c/ 420,10m² - Terreno c/ 1.599m² - Três Corações/MG",Três Corações,MG,"10.000,00",22/06/2026,https://s3-sa-east-1.amazonaws.com/906de634c48fb7d34136160b4c353ae4/public/thaisteixeiraleiloes/layout/logo-header.png,https://s3-sa-east-1.amazonaws.com/906de634c48fb7d34136160b4c353ae4/core/aviso_cookies.pdf; https://s3-sa-east-1.amazonaws.com/906de634c48fb7d34136160b4c353ae4/public/anexo/1775750855.pdf; https://s3-sa-east-1.amazonaws.com/906de634c48fb7d34136160b4c353ae4/public/anexo/1775750873.pdf; https://s3-sa-east-1.amazonaws.com/906de634c48fb7d34136160b4c353ae4/public/anexo/1775750864.pdf,https://www.thaisteixeiraleiloes.com.br/leilao/index/leilao_id/94994/lote/201692
Thais Costa Bastos Teixeira,JUCER/RO,https://www.thaisteixeiraleiloes.com.br,"Terreno c/ aprox. 208,58m² - Poços de Caldas/MG",Caldas,MG,"2.000,00",22/06/2026,https://s3-sa-east-1.amazonaws.com/906de634c48fb7d34136160b4c353ae4/public/thaisteixeiraleiloes/layout/logo-header.png,https://s3-sa-east-1.amazonaws.com/906de634c48fb7d34136160b4c353ae4/core/aviso_cookies.pdf; https://s3-sa-east-1.amazonaws.com/906de634c48fb7d34136160b4c353ae4/public/anexo/1775748865.pdf; https://s3-sa-east-1.amazonaws.com/906de634c48fb7d34136160b4c353ae4/public/anexo/1775748972.pdf; https://s3-sa-east-1.amazonaws.com/906de634c48fb7d34136160b4c353ae4/public/anexo/1775748965.pdf,https://www.thaisteixeiraleiloes.com.br/leilao/index/leilao_id/94994/lote/201690
Dora Plat (Portal Zuk),JUCER/RO,https://www.portalzuk.com.br,Terrenos Leilões com áreas de construção na cidade e no campo.,Taboao da Serra,SP,"1.255.236,27",10/06/2026,https://cdn.portalzuk.com.br/assets/images/icons/menu-terrenos.svg,,https://www.portalzuk.com.br/leilao-de-imoveis/t/todos-imoveis/terrenos
Dora Plat (Portal Zuk),JUCER/RO,https://www.portalzuk.com.br,Residenciais,Taboao da Serra,SP,"959.209,10",10/06/2026,https://cdn.portalzuk.com.br/assets/images/icons/menu-residenciais.svg,,https://www.portalzuk.com.br/leilao-de-imoveis/t/todos-imoveis/residenciais
Dora Plat (Portal Zuk),JUCER/RO,https://www.portalzuk.com.br,"Casa 411,36m² Garopaba/SC - Campo Duna Lance mínimo | 2ª praça R$ 900.325,13 29",Garopaba,SC,"900.325,13",15/06/2026,https://imagens.portalzuk.com.br/mini/2026/05/d456695cb63716d79fb442032bb6286e.webp,javascript:_gt('section-documents');; https://documentacao.portalzuk.com.br/I36414lote003edital.pdf?Expires=1786297183&Signature=Y5FgixWQX1M6ChOXKKdV4qoyMeCNRGGDHP94BrttnxD9w-OODBK3h6D5sM-bQp3CxgCUaz4E17ZUPAgPs4VQmFX~PXySJGV84enW8bPsPunC-j1JKDkMmAXFRAqggIT57e5dm560aYhOmmbK4vgqOfI~hiyS9aoox5vnYrDr9h1vvFCmUTtWGK9XiOMbWB9YRUCnQ8hn62ThEiSD6hu4IMoNBSDCOGwJ5srP7DyTg6KXLdYN5fPNay9MQ47x7wiegWO5UaXRKAxp68NPQSlXarZxod-D8xkPZRSW6WZTs-2SHhdBrcCoU2Z50qCP256GENEIRrHYSd~xFjYssckSqQ__&Key-Pair-Id=K1KJP2R1YISZT                  ; https://www.portalzuk.com.br/,https://www.portalzuk.com.br/imovel/sc/garopaba/campo-duna/rua-olivio-silva-lamas-s-n/36393-226289
Dora Plat (Portal Zuk),JUCER/RO,https://www.portalzuk.com.br,"Apartamento 312,66m² São José/SC - Capoeiras Lance mínimo | 2ª praça R$ 1.749.000,00 34",São José,SC,"1.749.000,00",15/06/2026,https://imagens.portalzuk.com.br/mini/2026/06/6c6280249f3db773a2fa08aede82cbed.webp,javascript:_gt('section-documents');; https://www.portalzuk.com.br/; https://www.portalzuk.com.br/; https://www.portalzuk.com.br/; https://documentacao.portalzuk.com.br/I36528lote001edital.pdf?Expires=1786297191&Signature=XE0v~JSSPsXIkr5Ey~8HqIEJC5qXOObXnJTTQ4jSXNjQ5XMCgehEl5uTLXkUCkx7d0o9MjFem0VVyh5hkOR6WgSKVl449eKWZfxkGxp4eKFJDCOw3pKzQ-FwonsWTI1F2sCjz-cI3ObV51Y~GJSdHdZeYxo5QV3GDxtKGs0ST5D34gi6JqkrDaYNqG2NWSv1BzOOGWNissXB67o7~IVCRIZe09uiWN3FdRfS9pKtjeh1cfDDKv1Zx1RVt1DyF-rUrvMjpNCHZ6Ym2Ir-XsSaLuqq2rhm91-E1-eREsrZ9sxdT0xpcpB9U2DYumdnRWzUe31m6pzMsle9ExcsGy7xUg__&Key-Pair-Id=K1KJP2R1YISZT                  ,https://www.portalzuk.com.br/imovel/sc/sao-jose/capoeiras/rua-victor-meirelles-83/36531-227221
Dora Plat (Portal Zuk),JUCER/RO,https://www.portalzuk.com.br,"Casa 150,17m² Biguaçu/SC - Beira Rio Lance mínimo R$ 718.100,00 30",Biguaçu,SC,"718.100,00",16/06/2026,https://imagens.portalzuk.com.br/mini/2026/05/45b2d32281625d222738dd7556bad8ae.webp,javascript:_gt('section-documents');; https://documentacaoleilao.portalzuk.com.br/2026/05/79172212f2bfc711f4046b71d6915bb5.pdf; https://documentacaoleilao.portalzuk.com.br/2026/05/10b20bd7cf988b92f1dfbd4381ca9f1d.pdf; https://documentacaoleilao.portalzuk.com.br/2026/05/24f2c83145467d40798c94212565ecda.pdf; https://documentacaoleilao.portalzuk.com.br/2026/05/c7c5211e9fcb7aead657c00b3096c9ae.pdf; https://documentacaoleilao.portalzuk.com.br/2026/05/bcf9d5fb089a3ca1b8c4aea3edc1f5bd.pdf,https://www.portalzuk.com.br/imovel/sc/biguacu/beira-rio/avenida-deltaville-150/36467-226400
Dora Plat (Portal Zuk),JUCER/RO,https://www.portalzuk.com.br,"Apartamento 63,62m² Bombinhas/SC - Mariscal Lance mínimo R$ 743.500,00",Bombinhas,SC,"743.500,00",10/06/2026,https://imagens.portalzuk.com.br/mini/2026/05/497b507eb5a106ba14ba7340242d1399.webp,javascript:_gt('section-documents');; https://documentacaoleilao.portalzuk.com.br/2026/05/79172212f2bfc711f4046b71d6915bb5.pdf; https://documentacaoleilao.portalzuk.com.br/2026/05/10b20bd7cf988b92f1dfbd4381ca9f1d.pdf; https://documentacaoleilao.portalzuk.com.br/2026/05/24f2c83145467d40798c94212565ecda.pdf; https://documentacaoleilao.portalzuk.com.br/2026/05/c7c5211e9fcb7aead657c00b3096c9ae.pdf; https://documentacaoleilao.portalzuk.com.br/2026/05/bcf9d5fb089a3ca1b8c4aea3edc1f5bd.pdf,https://www.portalzuk.com.br/imovel/sc/bombinhas/mariscal/rua-agata-109/36467-226402
Dora Plat (Portal Zuk),JUCER/RO,https://www.portalzuk.com.br,"Casa 137,00m² Jaraguá do Sul/SC - Três Rios do Norte Lance mínimo R$ 135.000,00",Sul,SC,"135.000,00",16/06/2026,https://imagens.portalzuk.com.br/mini/2026/06/edbcf9cb861c063fc1c67938d55a16f6.webp,javascript:_gt('section-documents');; https://documentacaoleilao.portalzuk.com.br/2026/06/1f16fd64308358ba0cb5058abb057525.pdf; https://www.portalzuk.com.br/,https://www.portalzuk.com.br/imovel/sc/jaragua-do-sul/tres-rios-do-norte/rua-pedro-de-jesus-130/36564-227521
Dora Plat (Portal Zuk),JUCER/RO,https://www.portalzuk.com.br,"Apartamento 64,34m² Blumenau/SC - Itoupava Norte Lance inicial R$ 210.000,00 36",Blumenau,SC,"210.000,00",10/06/2026,https://imagens.portalzuk.com.br/mini/2026/06/4960f665a7739f2f62f3d5c5cc7cf078.webp,javascript:_gt('section-documents');; https://documentacaoleilao.portalzuk.com.br/2026/05/f2c5bc9c8180788b2f592f6cbfb9c8b6.pdf; https://documentacaoleilao.portalzuk.com.br/2026/06/6fcecc9d861f3b047a768e6345ec03f1.pdf; https://www.portalzuk.com.br/; https://www.portalzuk.com.br/,https://www.portalzuk.com.br/imovel/sc/blumenau/itoupava-norte/rua-wunstorf-126/36468-227577
Rodrigo Aparecido Rigolon da Silva,JUCER/RO,https://www.rigolonleiloes.com.br,"Valentim Gentil/SP - Terreno c/ 534,17m²",Valentim Gentil,SP,"458.878,65",12/06/2026,https://s3-sa-east-1.amazonaws.com/906de634c48fb7d34136160b4c353ae4/public/banner_leilao/94395_17791971551.jpg,,https://www.rigolonleiloes.com.br/leilao/index/leilao_id/94395/lote/200205
Rodrigo Aparecido Rigolon da Silva,JUCER/RO,https://www.rigolonleiloes.com.br,"Brasília/DF - Apartamento nº 305 c/ 92,40m²",Araraquara,SP,"920.000,00",15/06/2026,https://s3-sa-east-1.amazonaws.com/906de634c48fb7d34136160b4c353ae4/public/fotos/imoveis/640x480/I_26148_665602_B.webp,,https://www.rigolonleiloes.com.br/leilao/index/leilao_id/93961/lote/198951
Rodrigo Aparecido Rigolon da Silva,JUCER/RO,https://www.rigolonleiloes.com.br,Inúbia Paulista/SP - Terreno c/ 200m²,Inúbia Paulista,SP,"60.230,17",15/06/2026,https://s3-sa-east-1.amazonaws.com/906de634c48fb7d34136160b4c353ae4/public/banner_leilao/36162_17737707431.jpg,,https://www.rigolonleiloes.com.br/leilao/index/leilao_id/94926/lote/201573
Rodrigo Aparecido Rigolon da Silva,JUCER/RO,https://www.rigolonleiloes.com.br,"Casa c/ 44,82 m² - Terreno c/ 154,00m² - Rio Verde/GO",Rio Verde,GO,"2.000,00",15/06/2026,https://s3-sa-east-1.amazonaws.com/906de634c48fb7d34136160b4c353ae4/public/rigolonleiloes/layout/logo-header.png,https://s3-sa-east-1.amazonaws.com/906de634c48fb7d34136160b4c353ae4/core/aviso_cookies.pdf; https://s3-sa-east-1.amazonaws.com/906de634c48fb7d34136160b4c353ae4/public/anexo/1778177777.pdf; https://s3-sa-east-1.amazonaws.com/906de634c48fb7d34136160b4c353ae4/public/anexo/1776873750.pdf; https://s3-sa-east-1.amazonaws.com/906de634c48fb7d34136160b4c353ae4/public/anexo/1776873741.pdf,https://www.rigolonleiloes.com.br/leilao/index/leilao_id/94934/lote/201587
Rodrigo Aparecido Rigolon da Silva,JUCER/RO,https://www.rigolonleiloes.com.br,"Mandirituba/PR - Barracão c/ 675m² - Terreno c/ 2.655,80m²",Mandirituba,PR,"3.321.986,76",22/06/2026,https://s3-sa-east-1.amazonaws.com/906de634c48fb7d34136160b4c353ae4/public/fotos/imoveis/640x480/I_26177_058243_A.jpg,,https://www.rigolonleiloes.com.br/leilao/index/leilao_id/94033/lote/199084
Rodrigo Aparecido Rigolon da Silva,JUCER/RO,https://www.rigolonleiloes.com.br,"Pederneiras - Casa c/ 126,36m² - Terreno c/ 269,50m²",Araraquara,SP,"505.834,69",22/06/2026,https://s3-sa-east-1.amazonaws.com/906de634c48fb7d34136160b4c353ae4/public/banner_leilao/35143_17715131391.jpg,,https://www.rigolonleiloes.com.br/leilao/index/leilao_id/95282/lote/202342
Rodrigo Aparecido Rigolon da Silva,JUCER/RO,https://www.rigolonleiloes.com.br,"Fazenda c/ 726,2891 hectares - Serranópolis/GO",Serranópolis,GO,"30.000,00",22/06/2026,https://s3-sa-east-1.amazonaws.com/906de634c48fb7d34136160b4c353ae4/public/rigolonleiloes/layout/logo-header.png,https://s3-sa-east-1.amazonaws.com/906de634c48fb7d34136160b4c353ae4/core/aviso_cookies.pdf; https://s3-sa-east-1.amazonaws.com/906de634c48fb7d34136160b4c353ae4/public/anexo/1774452903.pdf; https://s3-sa-east-1.amazonaws.com/906de634c48fb7d34136160b4c353ae4/public/anexo/1774037160.pdf; https://s3-sa-east-1.amazonaws.com/906de634c48fb7d34136160b4c353ae4/public/anexo/1774037210.pdf,https://www.rigolonleiloes.com.br/leilao/index/leilao_id/95286/lote/202347
Rodrigo Aparecido Rigolon da Silva,JUCER/RO,https://www.rigolonleiloes.com.br,"Sítio c/ 12,10 hectares - Estrela d'Oeste/SP",Oeste,SP,"20.000,00",19/06/2026,https://s3-sa-east-1.amazonaws.com/906de634c48fb7d34136160b4c353ae4/public/rigolonleiloes/layout/logo-header.png,https://s3-sa-east-1.amazonaws.com/906de634c48fb7d34136160b4c353ae4/core/aviso_cookies.pdf; https://s3-sa-east-1.amazonaws.com/906de634c48fb7d34136160b4c353ae4/public/anexo/1775477049.pdf; https://s3-sa-east-1.amazonaws.com/906de634c48fb7d34136160b4c353ae4/public/anexo/1775477211.pdf; https://s3-sa-east-1.amazonaws.com/906de634c48fb7d34136160b4c353ae4/public/anexo/1775477164.pdf,https://www.rigolonleiloes.com.br/leilao/index/leilao_id/95204/lote/202158
Rodrigo Aparecido Rigolon da Silva,JUCER/RO,https://www.rigolonleiloes.com.br,"Sítio c/ 12,10 hectares - Estrela d'Oeste/SP",Oeste,SP,"20.000,00",19/06/2026,https://s3-sa-east-1.amazonaws.com/906de634c48fb7d34136160b4c353ae4/public/rigolonleiloes/layout/logo-header.png,https://s3-sa-east-1.amazonaws.com/906de634c48fb7d34136160b4c353ae4/core/aviso_cookies.pdf; https://s3-sa-east-1.amazonaws.com/906de634c48fb7d34136160b4c353ae4/public/anexo/1775479395.pdf; https://s3-sa-east-1.amazonaws.com/906de634c48fb7d34136160b4c353ae4/public/anexo/1775479484.pdf; https://s3-sa-east-1.amazonaws.com/906de634c48fb7d34136160b4c353ae4/public/anexo/1775481198.pdf,https://www.rigolonleiloes.com.br/leilao/index/leilao_id/95204/lote/202157
Rodrigo Aparecido Rigolon da Silva,JUCER/RO,https://www.rigolonleiloes.com.br,"Chácara c/ 8,05ha - Urânia/SP",Urânia,SP,"2.000,00",19/06/2026,https://s3-sa-east-1.amazonaws.com/906de634c48fb7d34136160b4c353ae4/public/rigolonleiloes/layout/logo-header.png,https://s3-sa-east-1.amazonaws.com/906de634c48fb7d34136160b4c353ae4/core/aviso_cookies.pdf; https://s3-sa-east-1.amazonaws.com/906de634c48fb7d34136160b4c353ae4/public/anexo/1775480143.pdf; https://s3-sa-east-1.amazonaws.com/906de634c48fb7d34136160b4c353ae4/public/anexo/1775480174.pdf; https://s3-sa-east-1.amazonaws.com/906de634c48fb7d34136160b4c353ae4/public/anexo/1775497308.pdf,https://www.rigolonleiloes.com.br/leilao/index/leilao_id/95204/lote/202159
Alex Willian Hoppe,JUCER/RR-RO,https://www.hoppeleiloes.com.br,"Fração ideal de 209,53m² do Lote Urbano n. 07, da quadra ""B"", com área  de 609,53m²",Quilombo,SC,"68.751,00",12/06/2026,https://ms.sbwebservices.net/photos/ef22f2fe-fce1-4364-ad70-c4ea0fbb5728.jpg,,https://www.hoppeleiloes.com.br/oferta/4681049
Alex Willian Hoppe,JUCER/RR-RO,https://www.hoppeleiloes.com.br,Apartamento de n.º 236 do Edifício Solar das Bromélias,Bombinhas,SC,"850.000,00",16/06/2026,https://ms.sbwebservices.net/photos/7c502478-8cb1-4c44-80ef-8204c2b0a807.jpg,,https://www.hoppeleiloes.com.br/oferta/4688661
Alex Willian Hoppe,JUCER/RR-RO,https://www.hoppeleiloes.com.br,"O terreno rural com a área de 68.000,00 m²",Major Vieira,SC,"174.950,00",09/06/2026,https://ms.sbwebservices.net/photos/9b506aa0-87fa-4917-aef7-3fdac60eba01.jpg,,https://www.hoppeleiloes.com.br/oferta/4681052
Alex Willian Hoppe,JUCER/RR-RO,https://www.hoppeleiloes.com.br,"Fração de 25% do imóvel de matrícula n° 7.915, correspondente à cota parte pertencente ao executado.",Ouro,SC,"67.500,00",29/07/2026,https://ms.sbwebservices.net/photos/72fe2174-12c1-4b45-a78a-04d6cb505846.jpg,,https://www.hoppeleiloes.com.br/oferta/4661739
Alex Willian Hoppe,JUCER/RR-RO,https://www.hoppeleiloes.com.br,"Quota parte do Imovel de nº 34.694, registrada no 2º Ofício de Registro  de Imóveis de Londrina - PR",Londrina,PR,"160.000,00",13/08/2026,https://ms.sbwebservices.net/photos/57c10ae7-3d36-4ebb-bf74-eeeb6370edd3.jpg,,https://www.hoppeleiloes.com.br/oferta/4693065
LanceVip (Evanilde/Ana Carolina/Bruno Rosa),JUCER/RO,https://www.lancevip.com.br,SICOOB AMAZÔNIA - IMÓVEL EM BURITIS/RO,Buritis,RO,"1.770.808,05",15/06/2026,https://static.suporteleiloes.com.br/lancevipcombr/bens/34778/arquivos/sl-bem-34778-6a15901c0f3dd-6a15901c13507.png,https://static.suporteleiloes.com.br/lancevipcombr/bens/34778/arquivos/sl-bem-34778-6a15908dae693-6a15908daefa8.pdf; https://static.suporteleiloes.com.br/lancevipcombr/bens/34778/arquivos/sl-bem-34778-6a15909079278-6a159090851ef.pdf; https://static.suporteleiloes.com.br/lancevipcombr/bens/34778/arquivos/sl-bem-34778-6a159092959c2-6a1590929a644.pdf,https://www.lancevip.com.br/eventos/leilao/2666/sicoob-amazonia-imovel-em-buritis-ro/lote
LanceVip (Evanilde/Ana Carolina/Bruno Rosa),JUCER/RO,https://www.lancevip.com.br,SICOOB CENTRO - IMÓVEL RURAL EM OURO PRETO D'OESTE/RO,Ouro Preto D'Oeste,RO,"341.494,00",19/06/2026,https://static.suporteleiloes.com.br/lancevipcombr/bens/34817/arquivos/sl-bem-34817-6a1ed9575818c-6a1ed9576866e.png,https://static.suporteleiloes.com.br/lancevipcombr/bens/34817/arquivos/sl-bem-34817-6a1ed9c0a4f96-6a1ed9c0a5649.pdf; https://static.suporteleiloes.com.br/lancevipcombr/bens/34817/arquivos/sl-bem-34817-6a1ed9c67c6c9-6a1ed9c692adf.pdf; https://static.suporteleiloes.com.br/lancevipcombr/bens/34817/arquivos/sl-bem-34817-6a1edaa09d424-6a1edaa0af629.pdf,https://www.lancevip.com.br/eventos/leilao/2669/sicoob-centro-imovel-rural-em-ouro-preto-d-oeste-ro/lote
