dominio,online,http_status,url_final,tempo_ms,bloqueia_bot,motivo_bloqueio,tem_sitemap,sitemaps,tem_jsonld,tipos_jsonld,tem_opengraph,plataforma,favicon_hash,cluster,servidor,titulo,ssl_ok,erro
www.albertomacedoleiloes.com.br,SIM,200,https://www.albertomacedoleiloes.com.br/,490,não,,SIM,/sitemap/cms | /sitemap/leiloes | /sitemap/lotes,não,,SIM,,4fc21bcac5a287efab2d874c729ddd2e,favicon:4fc21bcac5,cloudflare,Carregando...,NÃO,
www.123leiloes.com.br,SIM,200,https://www.123leiloes.com.br/,671,não,,SIM,https://www.123leiloes.com.br/sitemap.xml,não,,SIM,,,—,cloudflare,123 Leilões | Leilões judiciais e extrajudiciais,NÃO,
www.alienajud.com.br,SIM,200,https://www.alienajud.com.br/,517,não,,SIM,https://www.alienajud.com.br/sitemap.xml,não,,SIM,,,—,cloudflare,Alienajud,NÃO,
www.allianceleiloes.com.br,SIM,200,https://www.allianceleiloes.com.br/,567,não,,SIM,https://www.allianceleiloes.com.br/sitemap.xml,não,,não,,1153be1e7da2ae14504766d13a2f9818,asset:valida.jornaldosleiloes.com.br,cloudflare,Alliance Leilões » Leiloeiro Público,NÃO,
www.agleiloes.com.br,SIM,200,https://www.agleiloes.com.br/,507,não,,SIM,https://www.agleiloes.com.br/sitemap.xml,não,,SIM,,,—,cloudflare,AG Leilões | Leilões judiciais e extrajudiciais,NÃO,
www.alexandrecostaleiloes.com.br,SIM,200,https://www.alexandrecostaleiloes.com.br/,936,não,,não,,não,,não,,,—,Microsoft-IIS/10.0,,NÃO,
www.alexandridisleiloes.com.br,SIM,200,https://www.alexandridis.leilao.br/,479,SIM,captcha,SIM,https://www.alexandridis.leilao.br/sitemap.xml,não,,não,Superbid,ed8ccfc273390cf98a60fe15d263db0c,Superbid,cloudflare,Alexandridis Leilões,NÃO,
www.alfaleiloes.com,SIM,200,https://www.alfaleiloes.com/,1711,SIM,captcha,não,,não,,SIM,,5568cc6e29062f7b43161670e15c1feb,asset:alfaleiloes-novo.s3.amazonaws.com,cloudflare,Alfa Leilões | Especialista em Imóveis |,NÃO,
www.3torresleiloes.com.br,SIM,200,https://www.3torresleiloes.com.br/,1743,não,,SIM,https://www.3torresleiloes.com.br/sitemap.xml,não,,SIM,,ee35bdd8ce70b5d013073cb8cd250803,asset:944d11d968d49f4d.cdn.gocache.net,cloudflare,"3 Torres Leilões - Leilões Judiciais e Extrajudiciais, Online e Presenciais",NÃO,
www.agostinholeiloes.com.br,SIM,200,https://www.agostinholeiloes.com.br/,1110,não,,SIM,https://www.agostinholeiloes.com.br/sitemap.xml,não,,SIM,,5d7346b70e011bc09ff07ce6ec18c3dd,asset:3b666ae36f8a71be.cdn.gocache.net,cloudflare,Agostinho Leilões,NÃO,
www.amaralleiloes.com.br,SIM,200,https://www.amaralleiloes.com.br/,1538,não,,SIM,https://www.amaralleiloes.com.br/sitemap.xml,não,,SIM,,fbe6f5c34d64d5d10b4d2e8e8e351e7b,favicon:fbe6f5c34d,cloudflare,"Leilões Judiciais e Extrajudiciais, Online e Presenciais",NÃO,
www.alexandrepedrosaleiloeiro.com.br,SIM,200,https://www.alexandrepedrosaleiloeiro.com.br/,1826,não,,SIM,https://www.alexandrepedrosaleiloeiro.com.br/sitemap.xml,não,,SIM,,4e937262011ddee6ea9299dd08985b18,favicon:4e93726201,cloudflare,Alexandre Pedrosa Leiloeiro,NÃO,
www.arremax.com.br,SIM,200,https://www.arremaxleiloes.com.br/,430,não,,SIM,https://www.arremaxleiloes.com.br/sitemap.xml,não,,SIM,,,asset:arremaxleiloes.com.br,cloudflare,Arremax Leilões,NÃO,
www.almeidaleiloes.com.br,SIM,200,https://www.aragaoleiloes.com.br/,1411,não,,SIM,https://www.aragaoleiloes.com.br/sitemap.xml,não,,SIM,,da78cff594b2f3a5ef32fb49f14291cd,asset:aragaoleiloes.com.br,cloudflare,Aragão Leilões,NÃO,
www.alexandroleiloeiro.com.br,SIM,200,https://www.alexandroleiloeiro.com.br/,1068,não,,não,,não,,não,,,asset:static.suporteleiloes.com.br,cloudflare,Alexandro Leiloeiro,NÃO,
www.bcoleiloes.com.br,SIM,200,https://www.bcoleiloes.com.br/,262,não,,SIM,https://www.bcoleiloes.com.br/sitemap.xml,não,,SIM,,,—,cloudflare,BCO Leilões,NÃO,
www.arrematabem.com.br,SIM,200,https://arrematabem.com.br/,894,não,,não,,não,,SIM,Laravel,,Laravel,cloudflare,ARREMATA BEM LEILÕES JUDICIAIS,NÃO,
www.bastonleiloes.com.br,SIM,200,https://bastonleiloes.leilao.br/,420,não,,não,,não,,SIM,,f035242eadb7a3c6f0ed3fa5837ea2dc,asset:baston-leiloes.s3.amazonaws.com,cloudflare,Baston Leilões,NÃO,
www.balboleiloes.com.br,SIM,200,https://www.balboleiloes.com.br/,378,SIM,captcha,SIM,https://www.balboleiloes.com.br/sitemap.xml,não,,não,Superbid,fbaf5ec533359f609bc2d9641e89da31,Superbid,cloudflare,Balbo Leilões,NÃO,
www.biasileiloes.com.br,SIM,200,https://www.biasileiloes.com.br/,444,não,,não,,não,,SIM,,82b3b70cab578c2cc560717481ff4341,asset:cdn-biasi.blueintra.com,gocache,"Biasi Leilões | Leilão de Imóveis: Casas, Apartamentos, Terrenos e Imóveis Comerciais",NÃO,
www.bezerraleiloes.com.br,SIM,200,https://www.bezerraleiloes.com.br/,293,SIM,captcha,SIM,https://www.bezerraleiloes.com.br/sitemap.xml,não,,não,Superbid,78f6df501baf4629b0f3afd05f2220c9,Superbid,cloudflare,TABATA MINEIRO BEZERRA,NÃO,
www.bigleilao.com.br,SIM,200,https://www.bigleilao.com.br/,228,não,,SIM,/sitemap/cms | /sitemap/leiloes | /sitemap/lotes,não,,SIM,,4fc21bcac5a287efab2d874c729ddd2e,favicon:4fc21bcac5,cloudflare,Carregando...,NÃO,
www.arenaleilao.com.br,SIM,200,https://www.arenaleilao.com.br/,2303,não,,SIM,https://www.arenaleilao.com.br/sitemap.xml,não,,SIM,,cba45714345ee58f790f5db97570c082,favicon:cba4571434,cloudflare,"Leilões Judiciais e Extrajudiciais, Online e Presenciais",NÃO,
www.brameleiloes.com.br,SIM,200,https://www.brameleiloes.com.br/,564,SIM,captcha,SIM,https://www.brameleiloes.com.br/sitemap.xml,não,,não,Superbid,d1d462a3cec6267dd04cc232ef7845eb,Superbid,cloudflare,Brame Leilões,NÃO,
www.apiceleiloes.com.br,SIM,200,https://www.apiceleiloes.com.br/,3380,não,,SIM,https://www.apiceleiloes.com.br/sitemap.xml,não,,SIM,,42bd358a1bf6798191751d824da61642,asset:e5463ea145ca8f12.cdn.gocache.net,cloudflare,"Leilões Judiciais e Extrajudiciais, Online e Presenciais",NÃO,
www.casareisleiloes.com.br,SIM,200,https://www.casareisleiloes.com.br/,267,não,,SIM,https://www.casareisleiloes.com.br/sitemap.xml,não,,SIM,,,—,cloudflare,Casa Reis Leilões Online,NÃO,
www.benozzati.com.br,SIM,200,https://www.benozzati.com.br/,977,não,,SIM,https://www.benozzati.com.br/sitemap.xml,não,,SIM,,94c56cd891abdba3a4526c68b3cfe22f,favicon:94c56cd891,cloudflare,"Leilões Judiciais e Extrajudiciais, Online e Presenciais",NÃO,
www.centraljudicial.com.br,SIM,200,https://www.centraljudicial.com.br/,263,não,,não,,não,,não,,,—,cloudflare,Central Judicial :: Gestão de Leilões,NÃO,
www.bsbleiloes.com.br,SIM,200,https://www.bsbleiloes.com.br/,1113,não,,SIM,https://www.bsbleiloes.com.br/sitemap.xml,não,,SIM,,2eee907a3d8a3564acda9af2e3f7b17b,asset:cdn.onesignal.com,cloudflare,BSB Leilões,NÃO,
www.casadeleiloes.com.br,SIM,200,https://www.casadeleiloes.com.br/,742,não,,não,,não,,não,,7cc5b5e1ce557e680e7bca591f9d2b25,favicon:7cc5b5e1ce,cloudflare,Casa de Leilões Judiciais e Extrajudiciais,NÃO,
www.chbarbosaleiloes.com.br,SIM,200,https://www.chbarbosaleiloes.com.br/,344,não,,SIM,https://www.chbarbosaleiloes.com.br/sitemap.xml,não,,SIM,,,—,cloudflare,CH Barbosa Leilões | Leilões judiciais e extrajudiciais,NÃO,
www.celsocunhaleiloes.com.br,SIM,200,https://www.celsocunhaleiloes.com.br/,371,não,,não,,não,,não,,,—,Apache,"Celso Cunha Leilões - leilões online, veículos, imóveis, materiais, aeronaves, embarcações...",NÃO,
www.claudiokussleiloes.com.br,SIM,200,https://www.claudiokussleiloes.com.br/,238,não,,não,,não,,não,,bbd3070d21ce0224ced300fcbcddb8ea,asset:config.metomic.io,cloudflare,Claudio Kuss Leilões - Leilão de Veículos em Curitiba,NÃO,
www.cianacionalleiloes.com.br,SIM,200,https://www.cianacionalleiloes.com.br/,300,SIM,captcha,SIM,https://www.cianacionalleiloes.com.br/sitemap.xml,não,,não,Superbid,5e23566494a66454cc1516456c09cf43,Superbid,cloudflare,Cia Nacional Leilões,NÃO,
www.arnaldoleiloes.com.br,SIM,200,https://arnaldoleiloes.com.br/home/,441,não,,não,,não,,não,,,—,hcdn,Arnaldo - Leilões Judiciais,NÃO,
www.argonetworkleiloes.com.br,SIM,200,https://www.argonetworkleiloes.com.br/,1564,SIM,captcha,SIM,https://www.argonetworkleiloes.com.br/sitemap.xml,não,,não,Superbid,98c2fbb84b8941ff0cb3fff1f3a00f92,Superbid,cloudflare,Phillipe Santos Iniguez Omella,NÃO,
www.cardosoleiloes.com.br,SIM,200,https://www.cardosoleiloes.com.br/,1443,não,,SIM,https://www.cardosoleiloes.com.br/sitemap.xml,não,,SIM,,be2a2cdf7ec282bb058381c3a1daec70,asset:102408beccee904e.cdn.gocache.net,cloudflare,"Leilões Judiciais e Extrajudiciais, Online e Presenciais",NÃO,
www.clebercardosoleiloes.com.br,SIM,200,https://www.clebercardosoleiloes.com.br/,298,SIM,captcha,SIM,https://www.clebercardosoleiloes.com.br/sitemap.xml,não,,não,Superbid,e849a920619a59470beae74a8f99bcc7,Superbid,cloudflare,Cleber Cardoso Leilões,NÃO,
www.crisleiloes.com.br,SIM,200,https://www.crisleiloes.com.br/,319,não,,SIM,https://www.crisleiloes.com.br/sitemap.xml,não,,SIM,,,—,cloudflare,Cris Leilões | Leilões judiciais e extrajudiciais,NÃO,
www.cassianoleiloes.com.br,SIM,200,https://www.cassianoleiloes.com.br/,1951,não,,SIM,https://www.cassianoleiloes.com.br/sitemap.xml,não,,SIM,,9ded4ca0801cb4e095c8021f61f81085,favicon:9ded4ca080,cloudflare,Cassiano Leilões,NÃO,
www.crepaldileiloes.com.br,SIM,200,https://www.crepaldileiloes.com.br/,463,SIM,captcha,SIM,https://www.crepaldileiloes.com.br/sitemap.xml,não,,não,Superbid,4efd932fedebc2da23f0d5b31b708060,Superbid,cloudflare,Amanda Priscila Pena Crepaldi,NÃO,
www.dbmleiloes.com.br,SIM,200,https://www.dbmleiloes.com.br/,304,SIM,captcha,SIM,https://www.dbmleiloes.com.br/sitemap.xml,não,,não,Superbid,8da72a913542ce6517576ce33e218288,Superbid,cloudflare,Danillo Fabricio Ballini Miani,NÃO,
www.douglasleiloeiro.com.br,SIM,200,https://www.douglasleiloeiro.com.br/,252,não,,SIM,https://www.douglasleiloeiro.com.br/sitemap.xml,não,,SIM,,,—,cloudflare,Tupinambá Leilões | Leilões judiciais e extrajudiciais,NÃO,
www.drleiloes.com.br,SIM,200,https://www.drleiloes.com.br/,271,não,,SIM,/sitemap/cms | /sitemap/leiloes | /sitemap/lotes,não,,SIM,,4fc21bcac5a287efab2d874c729ddd2e,favicon:4fc21bcac5,cloudflare,Carregando...,NÃO,
www.cravoleiloes.com.br,SIM,200,https://www.cravoleiloes.com.br/,989,não,,SIM,https://www.cravoleiloes.com.br/sitemap.xml,não,,SIM,,dbd2527a7907b97e0423052b34ca7913,asset:07bec0d5f232caa7.cdn.gocache.net,cloudflare,"Cravo Leilões - Leilões Judiciais e Extrajudiciais, Online e Presenciais",NÃO,
www.d1lance.com.br,SIM,200,https://d1lance.com.br/,1855,não,,SIM,https://d1lance.com.br/sitemap.xml,não,,SIM,,,asset:d1-assets-prod.s3.sa-east-1.amazonaws.com,cloudflare,D1LANCE Leilões – Imóveis e veículos com desconto!,NÃO,
www.danieloliveiraleiloes.com.br,SIM,200,https://doleiloes.com.br/,725,não,,não,,não,,SIM,,38316331d6a3957d5be7053248554eb8,asset:s3-sa-east-1.amazonaws.com,nginx,Daniel Oliveira Leilões,NÃO,
www.euamoleilao.com.br,SIM,200,https://www.euamoleilao.com.br/,273,SIM,captcha,SIM,https://www.euamoleilao.com.br/sitemap.xml,não,,não,Superbid,8b536543abcfe4bc84da7d1169b56a6a,Superbid,cloudflare,Eu Amo Leilão,NÃO,
www.danielgarcialeiloes.com.br,SIM,200,https://www.danielgarcialeiloes.com.br/,2379,não,,SIM,https://www.danielgarcialeiloes.com.br/sitemap.xml,não,,SIM,,310b0458245df20d37ccb4a9f1870341,asset:24e53253961aecf7.cdn.gocache.net,cloudflare,"Daniel Garcia Leilões - Leiloeiro Oficial | Leilões Judiciais e Extrajudiciais, Online e Presenciais",NÃO,
www.americaleiloes.com.br,SIM,200,https://americaleiloes.com.br/,5087,não,,não,,não,,SIM,,,—,,América Leilões,NÃO,
www.edgarcarvalholeiloeiro.com.br,SIM,200,https://www.edgarcarvalholeiloeiro.com.br/,647,não,,não,,não,,não,,,asset:static.suporteleiloes.com.br,cloudflare,Edgar de Carvalho JR. | Leiloeiro Público Oficial,NÃO,
www.e-confianca.com.br,SIM,200,https://www.e-confianca.com.br/,922,não,,SIM,https://www.e-leiloes.com.br/sitemap_index.xml | https://www.e-leiloes.com.br/sitemap_leiloes.xml | https://www.e-leiloes.com.br/sitemap_lotes.xml,SIM,"ContactPoint, ItemList, Organization, Person, SaleEvent, SearchAction, VirtualLocation, WebSite",SIM,WordPress,21fdd2e40ce991dd00a69421488de827,WordPress,cloudflare,CONFIANCALEILOES | Leilões on-line para quem quer comprar ou vender.,NÃO,
www.faroonline.com.br,SIM,200,https://www.faroonline.com.br/,329,não,,SIM,https://www.faroonline.com.br/sitemap.xml,não,,não,,7272ef24dc14cf477be99500054670dd,asset:cdn.cookie-script.com,cloudflare,Faro Online,NÃO,
www.fabioleiloes.com.br,SIM,200,https://www.fabioleiloes.com.br/,746,não,,não,,não,,SIM,,38316331d6a3957d5be7053248554eb8,asset:s3-sa-east-1.amazonaws.com,nginx,Fabio Leilões,NÃO,
www.depaulaonline.com.br,SIM,200,https://www.depaulaonline.com.br/,1404,não,,não,,não,,não,,,asset:static.suporteleiloes.com.br,cloudflare,De Paula Leilões,NÃO,
www.fidalgoleiloes.com.br,SIM,200,https://www.fidalgoleiloes.com.br/,236,não,,não,,não,,não,,b5b72496bad83586f327dd819aed1726,favicon:b5b72496ba,cloudflare,Fidalgo Leilões :: Gestão de Leilões,NÃO,
www.dhleiloes.com.br,SIM,200,https://www.dhleiloes.com.br/,1126,não,,não,,não,,não,,,asset:static.suporteleiloes.com.br,cloudflare,DH Leilões,NÃO,
www.desantileiloes.com.br,SIM,200,https://www.desantileiloes.com.br/,1074,não,,SIM,https://www.desantileiloes.com.br/sitemap.xml,não,,SIM,,a903f2ae9f0360a1a6d9a153ddf885c6,favicon:a903f2ae9f,cloudflare,"Leilões Judiciais e Extrajudiciais, Online e Presenciais",NÃO,
www.franklinleiloes.com.br,SIM,200,https://www.franklinleiloes.com.br/,315,não,,SIM,https://www.franklinleiloes.com.br/sitemap.xml,não,,SIM,,,—,cloudflare,Franklin Leilões | Leilões judiciais e extrajudiciais,NÃO,
www.facanhaleiloes.com.br,SIM,200,https://www.facanhaleiloes.com.br/,787,não,,não,,não,,não,,,asset:static.suporteleiloes.com.br,cloudflare,Façanha Leilões,NÃO,
www.francoleiloes.com.br,SIM,200,https://www.francoleiloes.com.br/,291,não,,SIM,https://www.francoleiloes.com.br/sitemap.xml,não,,SIM,,,—,cloudflare,Franco Leilões | Leilões judiciais e extrajudiciais,NÃO,
www.freitasleiloeiro.com.br,SIM,200,https://www.freitasleiloeiro.com.br/,230,não,,não,,não,,não,,9200225b96881264e6481c77d69c622c,asset:cdn3.freitasleiloeiro.com.br,gocache,"Freitas Leiloeiro | Leilão de Veículos, Imóveis e Materiais | Freitas Leiloeiro - Site Oficial",NÃO,
www.fvleiloes.com.br,SIM,200,https://www.fvleiloes.com.br/,226,não,,SIM,/sitemap/cms | /sitemap/leiloes | /sitemap/lotes,não,,SIM,,4fc21bcac5a287efab2d874c729ddd2e,favicon:4fc21bcac5,cloudflare,Carregando...,NÃO,
www.frazaoleiloes.com.br,SIM,200,https://www.frazaoleiloes.com.br/,637,não,,SIM,https://www.frazaoleiloes.com.br/sitemap.xml,SIM,"Answer, BreadcrumbList, ContactPoint, Event, FAQPage, ListItem, Offer, Organization, Place, PostalAddress, Question, Sea",SIM,,058debbffbbeacd79f2a58cbae76236e,asset:cdn.frazaoleiloes.com.br,gocache,Leilão de Imóveis Online e Presencial | Frazão Leilões,NÃO,
www.fabianoayuppleiloeiro.com.br,SIM,200,https://www.fabianoayuppleiloeiro.com.br/,1058,não,,não,,não,,não,,,asset:static.suporteleiloes.com.br,cloudflare,Fabiano Ayupp,NÃO,
www.gaialeiloes.com.br,SIM,200,https://www.gaialeiloes.com.br/,384,SIM,captcha,SIM,https://www.gaialeiloes.com.br/sitemap.xml,não,,não,Superbid,81ae0be9497b5593cb5ae2d79ab34be2,Superbid,cloudflare,Gaia Leilões,NÃO,
www.fredericoleiloes.com.br,SIM,200,https://www.fredericoleiloes.com.br/,876,não,,não,,não,,não,,,—,cloudflare,,NÃO,
www.giordanoleiloes.com.br,SIM,200,https://www.giordanoleiloes.com.br/,736,não,,não,,não,,SIM,,38316331d6a3957d5be7053248554eb8,asset:s3-sa-east-1.amazonaws.com,nginx,Giordano Leilões,NÃO,
www.gpleiloes.com.br,SIM,200,https://www.gpleiloes.com.br/,587,não,,não,,não,,não,,69141c184a2606966f2c0dd8b2b690f1,favicon:69141c184a,Apache/2.4.41 (Ubuntu),GP Leilões,NÃO,
www.gilsonleiloes.com.br,SIM,200,https://www.gilsonleiloes.com.br/,769,não,,não,,não,,SIM,,38316331d6a3957d5be7053248554eb8,asset:s3-sa-east-1.amazonaws.com,nginx,Gilson Leilões,NÃO,
www.globoleiloes.com.br,SIM,200,https://globoleiloes.com.br/,2501,não,,não,,não,,SIM,,,—,cloudflare,Globo Leilões,NÃO,
www.glleiloes.com.br,SIM,200,https://www.glleiloes.com.br/,1542,não,,SIM,https://www.glleiloes.com.br/sitemap.xml,não,,SIM,,d6e68fd89d424f9cfd5a6777898c2d48,favicon:d6e68fd89d,cloudflare,GL Leilões | Leiloeiro Oficial - Leilões de imóveis e  veículos,NÃO,
www.guariglialeiloes.com.br,SIM,200,https://www.guariglialeiloes.com.br/,947,não,,SIM,https://www.guariglialeiloes.com.br/sitemap.xml,não,,SIM,,07ee028ea5810352bc4ba3e589b67620,asset:cdn.guariglialeiloes.com.br,cloudflare,Guariglia Leilões,NÃO,
www.hastapublica.com.br,SIM,200,https://www.hastapublica.com.br/,587,não,,não,,não,,SIM,,,asset:code.jivosite.com,Apache/2.4.41 (Amazon) OpenSSL/1.0.2k-fips PHP/7.0.33,HastaPública Leilões   | Credibilidade em Leilões,NÃO,
www.hoppeleiloes.com.br,SIM,200,https://www.hoppeleiloes.com.br/,323,SIM,captcha,SIM,https://www.hoppeleiloes.com.br/sitemap.xml,não,,não,Superbid,7083af2e28c09c10f3085fdfed752830,Superbid,cloudflare,hoppeleiloes,NÃO,
www.impactoleiloes.com.br,SIM,200,https://www.impactoleiloes.com.br/,280,não,,SIM,https://www.impactoleiloes.com.br/sitemap.xml,não,,SIM,,,—,cloudflare,Impacto Leilões | Leilões judiciais e extrajudiciais,NÃO,
www.gustavoleiloeiro.lel.br,SIM,200,https://gustavoleiloeiro.com.br,650,não,,não,,não,,SIM,,,asset:static.suporteleiloes.com.br,cloudflare,Leiloeiro Gustavo Lourenço,NÃO,
www.hammer.lel.br,SIM,200,https://www.hammer.lel.br/,1633,não,,SIM,https://www.hammer.lel.br/sitemap.xml,não,,SIM,,df7f1e05081f75850e7e3818f28b8cf0,asset:371b20f301d0e919.cdn.gocache.net,cloudflare,HAMMER | CASA DE LEILÕES,NÃO,
www.gustavoreisleiloes.com.br,SIM,200,https://www.gustavoreisleiloes.com.br/,1056,não,,não,,não,,não,,,asset:static.suporteleiloes.com.br,cloudflare,Gustavo Reis Leilões - Leiloeiro Público Oficial,NÃO,
www.hastavip.com.br,SIM,200,https://www.leilaovip.com.br/,373,não,,SIM,https://www.vipleiloes.com.br/sitemap.xml | https://www.leilaovip.com.br/sitemap.xml,não,,não,,1ef07a54c3ffdccd736f99a6e4f90678,asset:armazupleilaovipprd.blob.core.windows.net,Microsoft-IIS/10.0,Leilão VIP - Destaques,NÃO,
www.jikalleiloes.com.br,SIM,200,https://www.jikalleiloes.com.br/,365,não,,SIM,https://www.jikalleiloes.com.br/sitemap.xml,não,,SIM,,,—,cloudflare,Jikal Leilões,NÃO,
www.inovaleilao.com.br,SIM,200,https://www.inovaleilao.com.br/,329,não,,SIM,https://www.inovaleilao.com.br/sitemap.xml,não,,SIM,,,—,cloudflare,Inova Leilão | Leilões judiciais e extrajudiciais,NÃO,
www.iniciativabr.com.br,SIM,200,https://www.iniciativabr.com.br/,1028,não,,não,,não,,não,,,asset:static.suporteleiloes.com.br,Apache,Iniciativa BR,NÃO,
www.judhastas.com.br,SIM,200,https://www.judhastas.com.br/externo/,347,não,,não,,não,,SIM,,,asset:sawpf.com,cloudflare,judHastas - Leilões Judiciais & Extrajudiciais |,NÃO,
www.jacleiloes.com.br,SIM,200,https://www.jacleiloes.com.br/,732,não,,SIM,https://www.jacleiloes.com.br/sitemap.xml,não,,SIM,,846351dd0fc9f3a689fd3a30db65a38d,asset:cdn.onesignal.com,cloudflare,JAC Leilões | Site do leiloeiro oficial de Cascavel/PR - Jefferson Adriano Costa,NÃO,
www.jorgemolgado.com.br,SIM,200,https://www.jorgemolgado.com.br/,849,não,,não,,não,,não,,,—,LiteSpeed,JORGE MOLGADO - LEILÕES JUDICIAIS E EXTRAJUDICIAIS,NÃO,
www.ktzleiloes.com.br,SIM,200,https://www.ktzleiloes.com.br/,279,não,,SIM,https://www.ktzleiloes.com.br/sitemap.xml,não,,SIM,,,—,cloudflare,KTZ Leilões,NÃO,
www.joaoemilio.com.br,SIM,200,https://www.joaoemilio.com.br/,1051,não,,SIM,https://www.joaoemilio.com.br/sitemap.xml,não,,SIM,,a108e028ad96f6ac0a69e5d18a22f0af,asset:d8ed0d6197eff01b.cdn.gocache.net,cloudflare,João Emilio Leiloeiro,NÃO,
www.ipcleiloes.com.br,SIM,200,https://www.ipcleiloes.com.br/externo/,764,não,,não,,não,,SIM,,,—,cloudflare,!IPC Leilões,NÃO,
www.jvleiloes.lel.br,SIM,200,https://www.jvleiloes.lel.br/,682,não,,não,,não,,não,,,asset:static.suporteleiloes.com.br,cloudflare,Juliana Vettorazzo - Leiloeira oficial,NÃO,
www.lanceja.com.br,SIM,200,https://www.lanceja.com.br/,319,não,,não,,não,,não,,5620419bb32fe83e821d2b6ebfadac86,asset:cdn.cookie-script.com,cloudflare,Lance Já Leilões - Desde 2008,NÃO,
www.isaiasleiloes.com.br,SIM,200,https://www.isaiasleiloes.com.br/,2007,não,,SIM,https://www.isaiasleiloes.com.br/sitemap.xml,não,,SIM,,4c0d0a5e4ecdab893466ad49a3454e19,favicon:4c0d0a5e4e,cloudflare,Isaias Jr. - Leiloeiro Oficial - JUCEMG 831,NÃO,
www.lancenoleilao.com.br,SIM,200,https://www.lancenoleilao.com.br/,212,não,,não,,não,,não,,,—,cloudflare,Lance no Leilão :: Gestão de Leilões,NÃO,
www.kleiberleiloes.com.br,SIM,200,https://www.kleiberleiloes.com.br/,1040,não,,não,,não,,não,,,asset:static.suporteleiloes.com.br,cloudflare,Kleiber Leilões,NÃO,
www.lancejudicial.com.br,SIM,200,https://www.grupolance.com.br/,578,não,,SIM,https://www.grupolance.com.br/sitemap.xml,SIM,"ContactPoint, Organization, SearchAction, WebSite",SIM,,4d8b58a93df6763bc52c4f82e6535c75,asset:app.mailjet.com,cloudflare,"Leilões Judiciais, Extrajudicias e Trabalhistas Online em todo Brasil | Grupo Lance",NÃO,
www.leilaooficialonline.com.br,SIM,200,https://www.leilaooficialonline.com.br/,271,não,,SIM,https://www.leilaooficialonline.com.br/sitemap.xml,não,,SIM,,,—,cloudflare,leilaooficialonline.com.br Leilões | Leilões judiciais e extrajudiciais,NÃO,
www.kleiloes.com.br,SIM,200,https://www.kleiloes.com.br/,1122,não,,não,,não,,SIM,,,asset:static.kleiloes.com.br,cloudflare,Klöckner Leilões,NÃO,
www.lanceleiloes.com.br,SIM,200,https://www.lanceleiloes.com.br/,1111,não,,SIM,https://www.lanceleiloes.com.br/sitemap.xml,não,,SIM,,d3e1f0d77835ab70f85d6e1f6fa1fa24,asset:216476ee79457113.cdn.gocache.net,cloudflare,"Leilões Judiciais e Extrajudiciais, Online e Presenciais",NÃO,
www.legisleiloes.com.br,SIM,200,https://www.legisleiloes.com.br/,326,não,,SIM,https://www.legisleiloes.com.br/sitemap.xml,não,,SIM,,,—,cloudflare,Legis Leilões | Leilões judiciais e extrajudiciais,NÃO,
www.kronbergleiloes.com.br,SIM,200,https://kronbergleiloes.com.br/,1189,não,,SIM,https://kronbergleiloes.com.br/wp-sitemap.xml | https://kronbergleiloes.com.br/sitemap.xml,não,,não,"WordPress 7.0, WordPress",ab7dd7e5adcb50b9dbe6352d7b8b32b7,WordPress 7.0,Apache,Kronberg – Leilões,NÃO,
www.destakleiloes.com.br,SIM,200,https://www.destakleiloes.com.br/,247,não,,SIM,https://www.destakleiloes.com.br/sitemap.xml,não,,SIM,,,—,cloudflare,Destak Leilões,NÃO,
www.leilaoinvestment.com.br,SIM,200,https://www.leilaoinvestment.com.br/,1352,não,,SIM,https://www.leilaoinvestment.com.br/sitemap.xml,não,,SIM,,c5a32c3198126d27363f8006cc332870,asset:4502febf2d36f01a.cdn.gocache.net,cloudflare,Leilão Investment  | Leilão online de imóveis em São Paulo,NÃO,
www.lecapeleiloes.com.br,SIM,200,https://www.lecapeleiloes.com.br/,2148,não,,SIM,https://www.lecapeleiloes.com.br/sitemap.xml,não,,SIM,,35a17b746ef8b68dc217e6fa132a6c11,asset:69cad032bfc27954.cdn.gocache.net,cloudflare,"Leilões Judiciais e Extrajudiciais, Online e Presenciais",NÃO,
www.leilaovip.com.br,SIM,200,https://www.leilaovip.com.br/,379,não,,SIM,https://www.vipleiloes.com.br/sitemap.xml | https://www.leilaovip.com.br/sitemap.xml,não,,não,,1ef07a54c3ffdccd736f99a6e4f90678,asset:armazupleilaovipprd.blob.core.windows.net,Microsoft-IIS/10.0,Leilão VIP - Destaques,NÃO,
www.leiloesonlinems.com.br,SIM,200,https://www.leiloesonlinems.com.br/,804,não,,não,,não,,não,,cf36aae3c7ad35fc015b74dd0dff3e70,favicon:cf36aae3c7,cloudflare,Leilões OnLine MS Judiciais e Extrajudiciais,NÃO,
www.leiloesceruli.com.br,SIM,200,https://www.leiloesceruli.com.br/,2061,não,,SIM,https://www.leiloesceruli.com.br/sitemap.xml,não,,SIM,,1f956d051672eb1a4a5ec917cc5d36f6,asset:0e8a67d4d8f872db.cdn.gocache.net,cloudflare,Flávio Ceruli - Leiloeiro Oficial - JUCEMG 496,NÃO,
www.leje.com.br,SIM,200,https://www.leje.com.br/,256,não,,não,,não,,não,,575f1df47d68bc5e78997d099ae0547c,asset:leje.blob.core.windows.net,cloudflare,Leilão Judicial Eletrônico,NÃO,
www.leilaobrasil.com.br,SIM,200,https://www.leilaobrasil.com.br/,1293,não,,não,,não,,não,,,asset:static.suporteleiloes.com.br,cloudflare,Leilão Brasil,NÃO,
www.lut.com.br,SIM,200,https://www.portalzuk.com.br,415,não,,SIM,https://www.portalzuk.com.br/sitemap.xml | https://www.portalzuk.com.br/sitemap-index.xml,SIM,"ImageObject, Organization, WebPage, WebSite",SIM,,d43151dc8f70a5688a3040e5ee4f2098,asset:cdn.portalzuk.com.br,cloudflare,Leilão de Imóveis Online - Judiciais e Extrajudiciais Zuk,NÃO,
www.leiloesgold.com.br,SIM,200,https://www.leiloesgold.com.br/,1799,não,,SIM,https://www.leiloesgold.com.br/sitemap.xml,não,,SIM,,cf29c06249a21e496c0d0fb97f887a38,favicon:cf29c06249,cloudflare,Gold Leilões,NÃO,
www.arremateleilao.com.br,NÃO,,,,,,,,,,,,,,,,SIM,ConnectionError
www.leiloesuberlandia.com.br,SIM,200,https://www.leiloesuberlandia.com.br/externo/,371,não,,não,,não,,SIM,,,asset:sawpf.com,cloudflare,UBERLÂNDIA LEILÕES,NÃO,
www.leiloesjudiciais.com.br,SIM,200,https://www.leiloesjudiciais.com.br/,2056,SIM,captcha,SIM,https://www.leiloesjudiciais.com.br/sitemap.xml,SIM,"ContactPoint, Organization",SIM,"Nuxt, Superbid",25dd3f98790506d054893d56de236945,Nuxt,nginx,"Leilão de Imóveis, Terrenos, Veículos e mais - Leilões Judiciais",NÃO,
www.lancetotal.com.br,SIM,200,https://www.lancetotal.com.br/,221,não,,não,,não,,não,,a5c54947d86a0710b59f2329770294c7,favicon:a5c54947d8,cloudflare,LANCE TOTAL - O melhor negócio em leilões,NÃO,
www.lottileiloes.com.br,SIM,200,https://www.lottileiloes.com.br/,1287,não,,SIM,https://www.lottileiloes.com.br/sitemap.xml,não,,SIM,,e564613ba159296ae72554128087c145,favicon:e564613ba1,cloudflare,"Leilões Judiciais e Extrajudiciais, Online e Presenciais",NÃO,
www.mauromarcello.lel.br,SIM,200,https://www.mauromarcello.lel.br/,211,não,,SIM,/sitemap/cms | /sitemap/leiloes | /sitemap/lotes,não,,SIM,,4fc21bcac5a287efab2d874c729ddd2e,favicon:4fc21bcac5,cloudflare,Carregando...,NÃO,
www.mariafixerleiloes.com.br,SIM,200,https://www.mariafixerleiloes.com.br/,682,não,,não,,não,,SIM,,38316331d6a3957d5be7053248554eb8,asset:s3-sa-east-1.amazonaws.com,nginx,Maria Fixer Leilões,NÃO,
www.marquesleiloes.com.br,SIM,200,https://www.marquesleiloes.com.br/,729,não,,não,,não,,não,,,—,nginx,Adyel Marques - Leiloeiro Oficial,NÃO,
www.mcleilao.com.br,SIM,200,https://www.mcleilao.com.br/,335,não,,não,,não,,não,,b9aa7c338693424aae99599bec875b5f,favicon:b9aa7c3386,cloudflare,MC LeilÃ£o,NÃO,
www.milanileiloes.com.br,SIM,200,https://www.milanileiloes.com.br/,374,SIM,captcha,SIM,https://www.milanileiloes.com.br/sitemap.xml,não,,não,Superbid,3c0fbbfd048453017cfaaea3a2fd2471,Superbid,cloudflare,Milani Leilões,NÃO,
www.mgl.com.br,SIM,403,https://www.mgl.com.br/,319,SIM,HTTP 403,não,,não,,não,,,—,cloudflare,Just a moment...,NÃO,
www.medeirosleiloes.com.br,SIM,200,https://www.medeirosleiloes.com.br/,860,não,,SIM,https://www.medeirosleiloes.com.br/sitemap.xml,não,,SIM,,0f3df826abc240cc9c94f14724601669,asset:cdn.onesignal.com,cloudflare,Medeiros Leilões - Leiloeiro Público Oficial Luiz Egidio Cruz Medeiros (JUCEPAR - 13/249-L),NÃO,
www.marcaleiloes.com.br,SIM,200,https://www.marcaleiloes.com.br/,1238,não,,não,,não,,não,,,asset:static.suporteleiloes.com.br,cloudflare,Marca Leilões Judiciais e Extrajudiciais,NÃO,
www.marcoantonioleiloeiro.com.br,SIM,200,https://www.marcoantonioleiloeiro.com.br/,1130,não,,não,,não,,não,,,asset:static.suporteleiloes.com.br,cloudflare,Marco Antônio Leiloeiro,NÃO,
www.mrleiloes.com.br,SIM,200,https://www.mrleiloes.com.br/,224,não,,SIM,https://www.mrleiloes.com.br/sitemap.xml,não,,não,,0958315e7d5a124570b8c02c204bc0c5,favicon:0958315e7d,cloudflare,MR Leilões,NÃO,
www.mirandacarvalholeiloes.com.br,SIM,200,https://www.mirandacarvalholeiloes.com.br/,1262,não,,SIM,https://www.mirandacarvalholeiloes.com.br/sitemap.xml,não,,SIM,,33e99e49fe0e9d8a9542ca0b0f5540ab,asset:grupolance.com.br,Apache/2.4.67 (Debian),Leilões Judiciais e Extrajudicias Online no Rio de Janeiro | Miranda Carvalho Leilões,NÃO,
www.maisleilao.com.br,SIM,200,https://www.maisleilao.com.br/,1193,não,,não,,não,,não,,,asset:static.suporteleiloes.com.br,cloudflare,Mais Leilão,NÃO,
www.montenegroleiloes.com.br,SIM,200,https://montenegroleiloes.com.br/,414,não,,SIM,/sitemap.xml.gz,SIM,WebPage,SIM,,f4facfeaed834544d622544acfbb7722,asset:assets.montenegroleiloes.paganini.tech,cloudflare,Home - Montenegro Leilões,NÃO,
www.megaleiloes.com.br,SIM,200,https://www.megaleiloes.com.br/,1627,não,,SIM,https://www.megaleiloes.com.br/sitemap/sitemap_index.xml,não,,SIM,Othis (dev),ea7d60fa1323693921d57cef46277af3,Othis (dev),cloudflare,Leilões Judiciais e Extrajudiciais Online | Mega Leilões,NÃO,
www.multipliqueleiloes.com.br,SIM,200,https://www.multipliqueleiloes.com.br/,373,não,,SIM,https://www.multipliqueleiloes.com.br/sitemap.xml,não,,SIM,,,—,cloudflare,Multiplique Leilões | Leilões judiciais e extrajudiciais,NÃO,
www.nakakogueleiloes.com.br,SIM,200,https://www.nakakogueleiloes.com.br/,464,não,,não,,não,,não,,cf397a4baac180cf3c54ef904a329901,favicon:cf397a4baa,Apache,NAKAKOGUE Leilões - Especialista em Leiloes.,NÃO,
www.nrnleiloes.com.br,SIM,200,https://www.nrnleiloes.com.br/,307,não,,SIM,https://www.nrnleiloes.com.br/sitemap.xml,não,,SIM,,,—,cloudflare,NRN Leilões | Leilões judiciais e extrajudiciais,NÃO,
www.palaciodosleiloes.com.br,SIM,200,https://www.palaciodosleiloes.com.br/site/,98,não,,SIM,https://www.palaciodosleiloes.com.br/sitemap.xml,não,,SIM,,488b87f32f90ba54bc060b4970424105,asset:wbot.chat,gocache,Palácio dos Leilões,NÃO,
www.mlleiloes.com.br,SIM,200,https://www.mlleiloes.com.br/externo/,792,não,,não,,não,,SIM,,,—,cloudflare,!MLLeilões - O melhor negócio em leilão!,NÃO,
www.omcleiloes.com.br,SIM,200,https://www.omcleiloes.com.br/,586,SIM,captcha,SIM,https://www.omcleiloes.com.br/sitemap.xml,não,,não,Superbid,aee787b18b72da8aeba59bf9e4d0f939,Superbid,cloudflare,OMC Leilões,NÃO,
www.nasarleiloes.com.br,SIM,200,https://www.nasarleiloes.com.br/externo/,455,não,,não,,não,,SIM,,,asset:code.jivosite.com,cloudflare,Nasar Leilões,NÃO,
www.nogarileiloes.com.br,SIM,200,https://www.nogarileiloes.com.br/,1237,não,,SIM,https://www.nogarileiloes.com.br/sitemap.xml,não,,SIM,,dd128d04232a8068adeed79e27953f50,asset:af05900bea45fb15.cdn.gocache.net,cloudflare,Nogari Leilões,NÃO,
www.picellileiloes.com.br,SIM,200,https://www.picellileiloes.com.br/,227,não,,SIM,/sitemap/cms | /sitemap/leiloes | /sitemap/lotes,não,,SIM,,4fc21bcac5a287efab2d874c729ddd2e,favicon:4fc21bcac5,cloudflare,Carregando...,NÃO,
www.oaleiloes.com.br,SIM,200,https://www.oaleiloes.com.br/,939,não,,não,,não,,SIM,,66b3119d379aee26ba668fef49188dd3,favicon:66b3119d37,cloudflare,OALeilões,NÃO,
www.pecinileiloes.com.br,SIM,200,https://www.pecinileiloes.com.br/,275,não,,SIM,https://www.pecinileiloes.com.br/sitemap.xml,não,,SIM,,,—,cloudflare,Pecini Leilões | Leilões judiciais e extrajudiciais,NÃO,
www.pbcastro.com.br,SIM,200,https://www.pbcastro.com.br/,306,não,,não,,não,,não,,656492b39828b2a7d2993c5559e312c7,favicon:656492b398,cloudflare,PB Castro,NÃO,
www.nossoleilao.com.br,SIM,200,https://www.nossoleilao.com.br/,1607,não,,SIM,https://www.nossoleilao.com.br/sitemap.xml,não,,SIM,,0abb23e44dcf367cadc8c260f785414d,asset:6b5a04d21a38ad1e.cdn.gocache.net,cloudflare,Nosso Leilão,NÃO,
www.paulobotelholeiloeiro.com.br,SIM,200,https://www.paulobotelholeiloeiro.com.br/,732,não,,não,,não,,não,,,—,Apache/2.4.18 (Ubuntu),Paulo Botelho Leiloeiro,NÃO,
www.portalzuk.com.br,SIM,200,https://www.portalzuk.com.br/,327,não,,SIM,https://www.portalzuk.com.br/sitemap.xml | https://www.portalzuk.com.br/sitemap-index.xml,SIM,"ImageObject, Organization, WebPage, WebSite",SIM,,d43151dc8f70a5688a3040e5ee4f2098,asset:cdn.portalzuk.com.br,cloudflare,Leilão de Imóveis Online - Judiciais e Extrajudiciais Zuk,NÃO,
www.ericoleiloes.com.br,NÃO,,,,,,,,,,,,,,,,SIM,ConnectionError
www.projudleiloes.com.br,SIM,200,https://www.projudleiloes.com.br/,289,não,,SIM,https://www.projudleiloes.com.br/sitemap.xml,não,,SIM,,,—,cloudflare,PRÓ-JUD Leilões,NÃO,
www.rmcleiloes.com.br,SIM,200,https://www.rmcleiloes.com.br/,302,SIM,captcha,SIM,https://www.rmcleiloes.com.br/sitemap.xml,não,,não,Superbid,f4ab47f1fe6c6d877a637d55e6661d6d,Superbid,cloudflare,RMC Leilões,NÃO,
www.reginaaudeleiloes.com.br,SIM,200,https://www.reginaaudeleiloes.com.br/,974,não,,não,,não,,não,,aad52f8e87364f1f29fc12cde852b269,favicon:aad52f8e87,cloudflare,Regina Aude Leilões Judiciais e Extrajudiciais,NÃO,
www.rigolonleiloes.com.br,SIM,200,https://www.rigolonleiloes.com.br/,689,não,,não,,não,,SIM,,38316331d6a3957d5be7053248554eb8,asset:s3-sa-east-1.amazonaws.com,nginx,Rodrigo Rigolon Leilões,NÃO,
www.rioleiloes.com.br,SIM,200,https://www.rioleiloes.com.br/,717,não,,não,,não,,SIM,,38316331d6a3957d5be7053248554eb8,asset:s3-sa-east-1.amazonaws.com,nginx,Rio Leilões,NÃO,
www.rossileiloes.com.br,SIM,200,https://www.rossileiloes.com.br/,760,não,,SIM,https://www.rossileiloes.com.br/sitemap.xml,não,,SIM,,,—,cloudflare,"Rossi leilões - Carros, caminhões, máquinas, sucata e imóveis",NÃO,
www.portellaleiloes.com.br,SIM,200,https://www.portellaleiloes.com.br/,831,não,,não,,não,,não,,,asset:static.elfsight.com,cloudflare,Portella Leilões,NÃO,
www.raicherleiloes.com.br,SIM,200,https://www.raicherleiloes.com.br/,1124,não,,SIM,https://www.raicherleiloes.com.br/sitemap.xml,não,,SIM,,22ff4164367c672830027cdb25c8e5ab,favicon:22ff416436,cloudflare,"Leilões Judiciais e Extrajudiciais, Online e Presenciais",NÃO,
www.savoyleiloes.com.br,SIM,200,https://www.savoyleiloes.com.br/,230,não,,SIM,/sitemap/cms | /sitemap/leiloes | /sitemap/lotes,não,,SIM,,4fc21bcac5a287efab2d874c729ddd2e,favicon:4fc21bcac5,cloudflare,Carregando...,NÃO,
www.schulmannleiloes.com.br,SIM,200,https://www.schulmannleiloes.com.br/,196,não,,não,,não,,não,,,—,Apache,Schulmann Leilões,NÃO,
www.satoleiloes.com.br,SIM,200,https://satoleiloes.com.br/,696,não,,SIM,https://www.satoleiloes.com.br/sitemap.xml.gz,SIM,WebPage,SIM,,f4facfeaed834544d622544acfbb7722,asset:assets.satoleiloes.com.br,cloudflare,Home - Sato Leilões,NÃO,
www.prosperarleiloes.com.br,SIM,200,https://www.prosperarleiloes.com.br/externo/,2132,não,,não,,não,,SIM,,,—,cloudflare,.: Prosperar Leilões :.,NÃO,
www.rymerleiloes.com.br,SIM,200,https://www.rymerleiloes.com.br/,681,não,,não,,não,,não,,,asset:code.jivosite.com,cloudflare,Rymer Leilões,NÃO,
www.sfrazao.com.br,SIM,200,https://www.sfrazao.com.br/,255,não,,não,,não,,não,,4332e05e3b24c5ffcb41feb58d6f2f12,favicon:4332e05e3b,cloudflare,SFrazão ® | Leilões Judiciais e Extrajudiciais,NÃO,
www.silveiraleiloes.com.br,SIM,200,https://www.silveiraleiloes.com.br/,306,não,,SIM,https://www.silveiraleiloes.com.br/sitemap.xml,não,,SIM,,,—,cloudflare,Silveira Leilões | Leilões judiciais e extrajudiciais,NÃO,
www.saraivaleiloes.com.br,SIM,200,https://www.saraivaleiloes.com.br/,956,não,,não,,não,,não,,,asset:static.suporteleiloes.com,cloudflare,Saraiva Leilões,NÃO,
www.rafaelleiloeiro.com.br,SIM,200,https://www.rafaelleiloeiro.com.br/,1245,não,,não,,não,,não,,,asset:static.suporteleiloes.com.br,cloudflare,Rafael Leiloeiro,NÃO,
www.sfleiloes.com.br,SIM,200,https://sfleiloes.com.br/,818,não,,não,,não,,SIM,Laravel,,Laravel,cloudflare,SF Leilões - Oportunidades de investimento - PR,NÃO,
www.sevidanesleiloeira.com.br,SIM,200,https://www.sevidanesleiloeira.com.br/,733,não,,não,,não,,não,,,asset:static.suporteleiloes.com.br,cloudflare,Sandra Sevidanes Leiloeira Pública,NÃO,
www.sold.com.br,SIM,200,https://www.sold.com.br/,322,SIM,captcha,SIM,https://www.superbid.net/*,não,,não,Superbid,00e5420b1aa66b70bea8504f6a318fd9,Superbid,cloudflare,Sold,NÃO,
www.startupleiloes.com.br,SIM,200,https://www.startupleiloes.com.br/,230,não,,SIM,/sitemap/cms | /sitemap/leiloes | /sitemap/lotes,não,,SIM,,4fc21bcac5a287efab2d874c729ddd2e,favicon:4fc21bcac5,cloudflare,Carregando...,NÃO,
www.gracamedeirosleiloes.com.br,NÃO,,,,,,,,,,,,,,,,SIM,ConnectionError
www.sumareleiloes.com.br,SIM,200,https://www.sumareleiloes.com.br/,358,não,,não,,não,,SIM,Laravel,07d4a5ed3ae89af1b381cae5926909c1,Laravel,nginx,Sumaré Leilões,NÃO,
www.mvleiloes.com.br,SIM,200,https://mvleiloes.com.br/,366,não,,SIM,https://mvleiloes.com.br/wp-sitemap.xml | https://mvleiloes.com.br/sitemap.xml,não,,não,"WordPress 6.9.4, WordPress",,WordPress 6.9.4,cloudflare,Maicon & Valéria Kahn – Leilões do Rio de Janeiro. – Os melhores leilões Judiciais e Extrajudiciais do Rio de Janeiro es,NÃO,
www.sublimeleiloes.com.br,SIM,200,https://www.sublimeleiloes.com.br/,269,não,,SIM,https://www.sublimeleiloes.com.br/sitemap.xml,não,,SIM,,,—,cloudflare,Sublime Leilões | Leilões judiciais e extrajudiciais,NÃO,
www.sodresantoro.com.br,SIM,200,https://www.sodresantoro.com.br/,183,não,,SIM,https://www.sodresantoro.com.br/sitemap.xml,não,,SIM,Nuxt,114d6f18c6199be08b52276b1691a173,Nuxt,,Sodre Santoro | Site Oficial: Leiloes de Veiculos e Leiloes Online,NÃO,
www.superdiasleiloes.com.br,SIM,200,https://www.superdiasleiloes.com.br/,306,não,,não,,não,,não,,,—,Apache,,NÃO,
www.spleiloes.com.br,SIM,200,https://www.webleiloes.com.br,843,não,,não,,não,,SIM,,,asset:static.suporteleiloes.com.br,cloudflare,WebLeilões,NÃO,
www.tezaleiloes.com.br,SIM,200,https://www.teza.com.br/,312,não,,SIM,https://www.teza.com.br/sitemap.xml,não,,SIM,,,asset:teza.com.br,cloudflare,Teza Leilões,NÃO,
www.teleselimaleiloes.com.br,SIM,200,https://www.teleselimaleiloes.com.br/,1488,não,,SIM,https://www.teleselimaleiloes.com.br/sitemap.xml,não,,não,,c1649f842acb304ad0aedc25b96fab11,favicon:c1649f842a,nginx,Teles & Lima Leilões,NÃO,
www.topoleiloes.com.br,SIM,200,https://topoleiloes.com.br/,568,não,,não,,não,,SIM,Laravel,,Laravel,cloudflare,"Topo Leilões - Leilões de Imóveis e Veículos no Paraná, Santa Catarina e São Paulo.",NÃO,
www.simonleiloes.com.br,SIM,200,https://www.simonleiloes.com.br/,1366,não,,SIM,https://www.simonleiloes.com.br/sitemap.xml,não,,SIM,Next.js,bd2fc579dadd95d8b2773e46676fce53,Next.js,cloudflare,Leilões Online Judiciais e Extra judiciais | Simon Leilões,NÃO,
www.tassianamenezes.com.br,SIM,200,https://www.tassianamenezes.com.br/,774,não,,não,,não,,não,,8534b62bfd91d2d7d849a18934bb3ffe,asset:armazupleilaovipprd.blob.core.windows.net,cloudflare,Tassiana Menezes,NÃO,
www.tmleiloes.com.br,SIM,200,https://www.tmleiloes.com.br/,1369,não,,SIM,https://www.tmleiloes.com.br/sitemap.xml,não,,SIM,,f30cf21b164e7c513983b74d36fcfd8c,asset:5c78720e80156cfd.cdn.gocache.net,cloudflare,Thais Moreira Leilões,NÃO,
www.tenleilao.com.br,SIM,200,https://www.tenleilao.com.br/,2091,não,,SIM,https://www.tenleilao.com.br/sitemap.xml,não,,SIM,,855881e24cd79c92ca1f49b582e1bebb,favicon:855881e24c,cloudflare,"Leilões Judiciais e Extrajudiciais, Online e Presenciais",NÃO,
www.superbid.net,SIM,200,https://www.superbid.net/,2268,não,,SIM,https://www.superbid.net/sitemap.xml,não,,SIM,"Next.js, WordPress, Superbid",e6270330dcb665a956c78fa2aa11a50c,Next.js,cloudflare,Superbid,NÃO,
www.patricialeiloeira.com.br,SIM,200,https://www.pwleiloes.com.br/,346,não,,SIM,https://www.pwleiloes.com.br/sitemap.xml,não,,SIM,,,asset:pwleiloes.com.br,cloudflare,PW Leilões | Leilões judiciais e extrajudiciais,NÃO,
www.tribunaleiloes.com.br,SIM,200,https://www.tribunaleiloes.com.br/,2739,não,,SIM,https://www.tribunaleiloes.com.br/sitemap.xml,não,,SIM,,c1b6676c0e57dab6a0c21ec0705d1a42,favicon:c1b6676c0e,cloudflare,"Tribuna Leilões - Judiciais e Extrajudiciais, Online e Presenciais",NÃO,
www.vipleiloes.com.br,SIM,200,https://www.vipleiloes.com.br/,322,não,,SIM,https://www.vipleiloes.com.br/sitemap.xml,não,,não,,1ef07a54c3ffdccd736f99a6e4f90678,asset:armazupvipleiloesprd.blob.core.windows.net,cloudflare,Leilões de Veículos e Leilões Online | Vip Leilões,NÃO,
www.unileiloes.com.br,SIM,200,https://www.unileiloes.com.br/,808,não,,não,,não,,não,,,asset:static.suporteleiloes.com.br,cloudflare,Unileilões,NÃO,
www.vecchileiloes.com.br,SIM,200,https://www.vecchileiloes.com.br/,750,não,,não,,não,,não,,,asset:static.suporteleiloes.com.br,cloudflare,Vecchi Leilões,NÃO,
www.leiloestefanelli.com.br,NÃO,,,,,,,,,,,,,,,,SIM,ConnectionError
www.wleiloes.com.br,SIM,200,https://www.wleiloes.com.br/,740,não,,não,,não,,não,,,—,cloudflare,WLeilões ® | Leilões Judiciais e Extrajudiciais,NÃO,
www.vegasleiloes.com.br,SIM,200,https://www.vegasleiloes.com.br/,1944,não,,SIM,https://www.vegasleiloes.com.br/sitemap.xml,não,,SIM,,87837ab82345bfccc537069366317e53,asset:37e70a378211a234.cdn.gocache.net,cloudflare,Vegas Leilões,NÃO,
www.wsleiloes.com.br,SIM,200,https://www.pwleiloes.com.br/,282,não,,SIM,https://www.pwleiloes.com.br/sitemap.xml,não,,SIM,,,asset:pwleiloes.com.br,cloudflare,PW Leilões | Leilões judiciais e extrajudiciais,NÃO,
www.vmleiloes.com.br,SIM,200,https://vmleiloes.com.br/,721,não,,não,,não,,SIM,Laravel,,Laravel,cloudflare,Vicente Martins Leilões,NÃO,
www.webleiloes.com.br,SIM,200,https://www.webleiloes.com.br/,780,não,,não,,não,,SIM,,,asset:static.suporteleiloes.com.br,cloudflare,WebLeilões,NÃO,
www.vivaleiloes.com.br,SIM,200,https://www.vivaleiloes.com.br/,4064,não,,SIM,https://www.vivaleiloes.com.br/sitemap.xml,não,,SIM,,,—,cloudflare,Viva Leilões,NÃO,
www.maisativojudicial.superbid.net,NÃO,,,,,,,,,,,,,,,,SIM,ConnectionError
www.tahaleiloes.com.br,SIM,200,https://www.tahaleiloes.com.br/,336,SIM,captcha,SIM,https://www.tahaleiloes.com.br/sitemap.xml,não,,não,Superbid,74888de82cd7a82a59530028f39906fd,Superbid,cloudflare,Taha Leilões,NÃO,
www.wspleiloes.com.br,SIM,200,https://www.wspleiloes.com.br/,1676,não,,SIM,https://www.wspleiloes.com.br/sitemap.xml,não,,SIM,,e269b5d60e7df365907f59571a0a1431,favicon:e269b5d60e,cloudflare,"WSP Leilões - Leilões Judiciais e Extrajudiciais, Online e Presenciais",NÃO,
www.williamleiloeiro.com.br,SIM,200,https://www.williamleiloeiro.com.br/externo/,1220,não,,não,,não,,SIM,,,asset:apps.shareaholic.com,cloudflare,William Leiloeiro Oficial,NÃO,
www.neteditaisleiloes.com.br,NÃO,,,,,,,,,,,,,,,,SIM,ConnectionError
www.valleleiloes.com.br,NÃO,,,,,,,,,,,,,,,,SIM,ConnectionError
www.venetoleiloes.com.br,NÃO,,,,,,,,,,,,,,,,SIM,ConnectionError
